{
  "sim_name": "Proof-Of-Concept Processor",
  "sim_short_name": "poc",
  "sim_img_processor": "examples/hardware/poc/images/processor.svg",
  "sim_img_controlunit": "examples/hardware/poc/images/controlunit.svg",
  "sim_img_cpu": "examples/hardware/poc/images/cpu.svg",
  "components": {
    "CPU": {
      "name": "CPU",
      "version": "1",
      "abilities": [
        "CPU"
      ],
      "write_state": "/Function(function(e){if(typeof e.CPU==\"undefined\"){e.CPU={}}var a=[\"PC\",\"SR\"];var f=0;for(var d=0;d<poc_def.states.BR.length;d++){f=parseInt(poc_def.states.BR[d].value);if(f!=0){e.CPU[\"R\"+d]={type:\"register\",default_value:0,id:\"R\"+d,op:\"=\",value:\"0x\"+f.toString(16)}}}for(var d=0;d<a.length;d++){f=parseInt(poc_def.states[\"REG_\"+a[d]].value);if(f!=0){e.CPU[a[d]]={type:\"register\",default_value:0,id:a[d],op:\"=\",value:\"0x\"+f.toString(16)}}}return e})/",
      "read_state": "/Function(function(e,a){if(typeof e.CPU==\"undefined\"){e.CPU={}}var d=a.id.toUpperCase().trim();var f=parseInt(a.value).toString(16);if(\"REGISTER\"==a.type.toUpperCase().trim()){e.CPU[d]={type:\"register\",default_value:0,id:d,op:a.condition,value:\"0x\"+f};return true}return false})/",
      "get_state": "/Function(function(d){var e=d.toUpperCase().trim();if(typeof poc_def.states[\"REG_\"+e]!=\"undefined\"){return\"0x\"+get_value(poc_def.states[\"REG_\"+e]).toString(16)}e=e.replace(\"R\",\"\");var a=parseInt(e);if(typeof poc_def.states.BR[a]!=\"undefined\"){return\"0x\"+get_value(poc_def.states.BR[a]).toString(16)}return null})/"
    },
    "MEMORY": {
      "name": "MEMORY",
      "version": "1",
      "abilities": [
        "MEMORY"
      ],
      "write_state": "/Function(function(e){if(typeof e.MEMORY==\"undefined\"){e.MEMORY={}}var d=0;var f=0;for(var a in poc_def.internal_states.MP){f=parseInt(poc_def.internal_states.MP[a]);if(f!=0){d=parseInt(a).toString(16);e.MEMORY[\"0x\"+d]={type:\"memory\",default_value:0,id:\"0x\"+d,op:\"=\",value:\"0x\"+f.toString(16)}}}return e})/",
      "read_state": "/Function(function(e,a){if(typeof e.MEMORY==\"undefined\"){e.MEMORY={}}var d=parseInt(a.id).toString(16);var f=parseInt(a.value).toString(16);if(\"MEMORY\"==a.type.toUpperCase().trim()){e.MEMORY[\"0x\"+d]={type:\"memory\",default_value:0,id:\"0x\"+d,op:a.condition,value:\"0x\"+f};return true}return false})/",
      "get_state": "/Function(function(d){var a=parseInt(d);if(typeof poc_def.internal_states.MP[a]!=\"undefined\"){return\"0x\"+parseInt(poc_def.internal_states.MP[a]).toString(16)}return null})/"
    },
    "KBD": {
      "name": "KBD",
      "version": "1",
      "abilities": [
        "KBD"
      ],
      "write_state": "/Function(function(a){return a})/",
      "read_state": "/Function(function(d,a){return false})/",
      "get_state": "/Function(function(a){return null})/"
    },
    "SCREEN": {
      "name": "SCREEN",
      "version": "1",
      "abilities": [
        "SCREEN"
      ],
      "write_state": "/Function(function(d){if(typeof d.SCREEN==\"undefined\"){d.SCREEN={}}var f=get_screen_content();var e=f.trim().split(\"\\n\");for(var a=0;a<e.length;a++){value=e[a];if(value!=\"\"){d.SCREEN[a]={type:\"screen\",default_value:\"\",id:a,op:\"==\",value:value}}}return d})/",
      "read_state": "/Function(function(d,a){if(typeof d.SCREEN==\"undefined\"){d.SCREEN={}}if(\"SCREEN\"==a.type.toUpperCase().trim()){d.SCREEN[a.id]={type:\"screen\",default_value:\"\",id:a.id,op:a.condition,value:a.value};return true}return false})/",
      "get_state": "/Function(function(a){var f=get_screen_content();var e=f.trim().split(\"\\n\");var d=parseInt(a);if(typeof e[d]!=\"undefined\"){return e[d]}return null})/"
    }
  },
  "states": {
    "BR": [
      {
        "name": "R0",
        "verbal": "Register  0",
        "visible": true,
        "nbits": "32",
        "value": 0,
        "default_value": 0,
        "draw_data": []
      },
      {
        "name": "R1",
        "verbal": "Register  1",
        "visible": true,
        "nbits": "32",
        "value": 0,
        "default_value": 0,
        "draw_data": []
      },
      {
        "name": "R2",
        "verbal": "Register  2",
        "visible": true,
        "nbits": "32",
        "value": 0,
        "default_value": 0,
        "draw_data": []
      },
      {
        "name": "R3",
        "verbal": "Register  3",
        "visible": true,
        "nbits": "32",
        "value": 0,
        "default_value": 0,
        "draw_data": []
      },
      {
        "name": "R4",
        "verbal": "Register  4",
        "visible": true,
        "nbits": "32",
        "value": 0,
        "default_value": 0,
        "draw_data": []
      },
      {
        "name": "R5",
        "verbal": "Register  5",
        "visible": true,
        "nbits": "32",
        "value": 0,
        "default_value": 0,
        "draw_data": []
      },
      {
        "name": "R6",
        "verbal": "Register  6",
        "visible": true,
        "nbits": "32",
        "value": 0,
        "default_value": 0,
        "draw_data": []
      },
      {
        "name": "R7",
        "verbal": "Register  7",
        "visible": true,
        "nbits": "32",
        "value": 0,
        "default_value": 0,
        "draw_data": []
      },
      {
        "name": "R8",
        "verbal": "Register  8",
        "visible": true,
        "nbits": "32",
        "value": 0,
        "default_value": 0,
        "draw_data": []
      },
      {
        "name": "R9",
        "verbal": "Register  9",
        "visible": true,
        "nbits": "32",
        "value": 0,
        "default_value": 0,
        "draw_data": []
      },
      {
        "name": "R10",
        "verbal": "Register 10",
        "visible": true,
        "nbits": "32",
        "value": 0,
        "default_value": 0,
        "draw_data": []
      },
      {
        "name": "R11",
        "verbal": "Register 11",
        "visible": true,
        "nbits": "32",
        "value": 0,
        "default_value": 0,
        "draw_data": []
      },
      {
        "name": "R12",
        "verbal": "Register 12",
        "visible": true,
        "nbits": "32",
        "value": 0,
        "default_value": 0,
        "draw_data": []
      },
      {
        "name": "R13",
        "verbal": "Register 13",
        "visible": true,
        "nbits": "32",
        "value": 0,
        "default_value": 0,
        "draw_data": []
      },
      {
        "name": "R14",
        "verbal": "Register 14",
        "visible": true,
        "nbits": "32",
        "value": 0,
        "default_value": 0,
        "draw_data": []
      },
      {
        "name": "R15",
        "verbal": "Register 15",
        "visible": true,
        "nbits": "32",
        "value": 0,
        "default_value": 0,
        "draw_data": []
      },
      {
        "name": "R16",
        "verbal": "Register 16",
        "visible": true,
        "nbits": "32",
        "value": 0,
        "default_value": 0,
        "draw_data": []
      },
      {
        "name": "R17",
        "verbal": "Register 17",
        "visible": true,
        "nbits": "32",
        "value": 0,
        "default_value": 0,
        "draw_data": []
      },
      {
        "name": "R18",
        "verbal": "Register 18",
        "visible": true,
        "nbits": "32",
        "value": 0,
        "default_value": 0,
        "draw_data": []
      },
      {
        "name": "R19",
        "verbal": "Register 19",
        "visible": true,
        "nbits": "32",
        "value": 0,
        "default_value": 0,
        "draw_data": []
      },
      {
        "name": "R20",
        "verbal": "Register 20",
        "visible": true,
        "nbits": "32",
        "value": 0,
        "default_value": 0,
        "draw_data": []
      },
      {
        "name": "R21",
        "verbal": "Register 21",
        "visible": true,
        "nbits": "32",
        "value": 0,
        "default_value": 0,
        "draw_data": []
      },
      {
        "name": "R22",
        "verbal": "Register 22",
        "visible": true,
        "nbits": "32",
        "value": 0,
        "default_value": 0,
        "draw_data": []
      },
      {
        "name": "R23",
        "verbal": "Register 23",
        "visible": true,
        "nbits": "32",
        "value": 0,
        "default_value": 0,
        "draw_data": []
      },
      {
        "name": "R24",
        "verbal": "Register 24",
        "visible": true,
        "nbits": "32",
        "value": 0,
        "default_value": 0,
        "draw_data": []
      },
      {
        "name": "R25",
        "verbal": "Register 25",
        "visible": true,
        "nbits": "32",
        "value": 0,
        "default_value": 0,
        "draw_data": []
      },
      {
        "name": "R26",
        "verbal": "Register 26",
        "visible": true,
        "nbits": "32",
        "value": 0,
        "default_value": 0,
        "draw_data": []
      },
      {
        "name": "R27",
        "verbal": "Register 27",
        "visible": true,
        "nbits": "32",
        "value": 0,
        "default_value": 0,
        "draw_data": []
      },
      {
        "name": "R28",
        "verbal": "Register 28",
        "visible": true,
        "nbits": "32",
        "value": 0,
        "default_value": 0,
        "draw_data": []
      },
      {
        "name": "R29",
        "verbal": "Register 29",
        "visible": true,
        "nbits": "32",
        "value": 0,
        "default_value": 0,
        "draw_data": []
      },
      {
        "name": "R30",
        "verbal": "Register 30",
        "visible": true,
        "nbits": "32",
        "value": 0,
        "default_value": 0,
        "draw_data": []
      },
      {
        "name": "R31",
        "verbal": "Register 31",
        "visible": true,
        "nbits": "32",
        "value": 0,
        "default_value": 0,
        "draw_data": []
      },
      {
        "name": "R32",
        "verbal": "Register 32",
        "visible": true,
        "nbits": "32",
        "value": 0,
        "default_value": 0,
        "draw_data": []
      },
      {
        "name": "R33",
        "verbal": "Register 33",
        "visible": true,
        "nbits": "32",
        "value": 0,
        "default_value": 0,
        "draw_data": []
      },
      {
        "name": "R34",
        "verbal": "Register 34",
        "visible": true,
        "nbits": "32",
        "value": 0,
        "default_value": 0,
        "draw_data": []
      },
      {
        "name": "R35",
        "verbal": "Register 35",
        "visible": true,
        "nbits": "32",
        "value": 0,
        "default_value": 0,
        "draw_data": []
      },
      {
        "name": "R36",
        "verbal": "Register 36",
        "visible": true,
        "nbits": "32",
        "value": 0,
        "default_value": 0,
        "draw_data": []
      },
      {
        "name": "R37",
        "verbal": "Register 37",
        "visible": true,
        "nbits": "32",
        "value": 0,
        "default_value": 0,
        "draw_data": []
      },
      {
        "name": "R38",
        "verbal": "Register 38",
        "visible": true,
        "nbits": "32",
        "value": 0,
        "default_value": 0,
        "draw_data": []
      },
      {
        "name": "R39",
        "verbal": "Register 39",
        "visible": true,
        "nbits": "32",
        "value": 0,
        "default_value": 0,
        "draw_data": []
      },
      {
        "name": "R40",
        "verbal": "Register 40",
        "visible": true,
        "nbits": "32",
        "value": 0,
        "default_value": 0,
        "draw_data": []
      },
      {
        "name": "R41",
        "verbal": "Register 41",
        "visible": true,
        "nbits": "32",
        "value": 0,
        "default_value": 0,
        "draw_data": []
      },
      {
        "name": "R42",
        "verbal": "Register 42",
        "visible": true,
        "nbits": "32",
        "value": 0,
        "default_value": 0,
        "draw_data": []
      },
      {
        "name": "R43",
        "verbal": "Register 43",
        "visible": true,
        "nbits": "32",
        "value": 0,
        "default_value": 0,
        "draw_data": []
      },
      {
        "name": "R44",
        "verbal": "Register 44",
        "visible": true,
        "nbits": "32",
        "value": 0,
        "default_value": 0,
        "draw_data": []
      },
      {
        "name": "R45",
        "verbal": "Register 45",
        "visible": true,
        "nbits": "32",
        "value": 0,
        "default_value": 0,
        "draw_data": []
      },
      {
        "name": "R46",
        "verbal": "Register 46",
        "visible": true,
        "nbits": "32",
        "value": 0,
        "default_value": 0,
        "draw_data": []
      },
      {
        "name": "R47",
        "verbal": "Register 47",
        "visible": true,
        "nbits": "32",
        "value": 0,
        "default_value": 0,
        "draw_data": []
      },
      {
        "name": "R48",
        "verbal": "Register 48",
        "visible": true,
        "nbits": "32",
        "value": 0,
        "default_value": 0,
        "draw_data": []
      },
      {
        "name": "R49",
        "verbal": "Register 49",
        "visible": true,
        "nbits": "32",
        "value": 0,
        "default_value": 0,
        "draw_data": []
      },
      {
        "name": "R50",
        "verbal": "Register 50",
        "visible": true,
        "nbits": "32",
        "value": 0,
        "default_value": 0,
        "draw_data": []
      },
      {
        "name": "R51",
        "verbal": "Register 51",
        "visible": true,
        "nbits": "32",
        "value": 0,
        "default_value": 0,
        "draw_data": []
      },
      {
        "name": "R52",
        "verbal": "Register 52",
        "visible": true,
        "nbits": "32",
        "value": 0,
        "default_value": 0,
        "draw_data": []
      },
      {
        "name": "R53",
        "verbal": "Register 53",
        "visible": true,
        "nbits": "32",
        "value": 0,
        "default_value": 0,
        "draw_data": []
      },
      {
        "name": "R54",
        "verbal": "Register 54",
        "visible": true,
        "nbits": "32",
        "value": 0,
        "default_value": 0,
        "draw_data": []
      },
      {
        "name": "R55",
        "verbal": "Register 55",
        "visible": true,
        "nbits": "32",
        "value": 0,
        "default_value": 0,
        "draw_data": []
      },
      {
        "name": "R56",
        "verbal": "Register 56",
        "visible": true,
        "nbits": "32",
        "value": 0,
        "default_value": 0,
        "draw_data": []
      },
      {
        "name": "R57",
        "verbal": "Register 57",
        "visible": true,
        "nbits": "32",
        "value": 0,
        "default_value": 0,
        "draw_data": []
      },
      {
        "name": "R58",
        "verbal": "Register 58",
        "visible": true,
        "nbits": "32",
        "value": 0,
        "default_value": 0,
        "draw_data": []
      },
      {
        "name": "R59",
        "verbal": "Register 59",
        "visible": true,
        "nbits": "32",
        "value": 0,
        "default_value": 0,
        "draw_data": []
      },
      {
        "name": "R60",
        "verbal": "Register 60",
        "visible": true,
        "nbits": "32",
        "value": 0,
        "default_value": 0,
        "draw_data": []
      },
      {
        "name": "R61",
        "verbal": "Register 61",
        "visible": true,
        "nbits": "32",
        "value": 0,
        "default_value": 0,
        "draw_data": []
      },
      {
        "name": "R62",
        "verbal": "Register 62",
        "visible": true,
        "nbits": "32",
        "value": 0,
        "default_value": 0,
        "draw_data": []
      },
      {
        "name": "R63",
        "verbal": "Register 63",
        "visible": true,
        "nbits": "32",
        "value": 0,
        "default_value": 0,
        "draw_data": []
      }
    ],
    "REG_PC": {
      "name": "PC",
      "verbal": "Program Counter Register",
      "visible": true,
      "nbits": "32",
      "value": 0,
      "default_value": 0,
      "draw_data": []
    },
    "REG_MAR": {
      "name": "MAR",
      "verbal": "Memory Address Register",
      "visible": true,
      "nbits": "32",
      "value": 0,
      "default_value": 0,
      "draw_data": []
    },
    "REG_MBR": {
      "name": "MBR",
      "verbal": "Memory Data Register",
      "visible": true,
      "nbits": "32",
      "value": 0,
      "default_value": 0,
      "draw_data": []
    },
    "REG_IR": {
      "name": "IR",
      "verbal": "Instruction Register",
      "visible": true,
      "nbits": "32",
      "value": 0,
      "default_value": 0,
      "draw_data": []
    },
    "REG_SR": {
      "name": "SR",
      "verbal": "State Register",
      "visible": true,
      "nbits": "32",
      "value": 0,
      "default_value": 0,
      "draw_data": []
    },
    "REG_RT1": {
      "name": "RT1",
      "verbal": "Temporal Register 1",
      "visible": true,
      "nbits": "32",
      "value": 0,
      "default_value": 0,
      "draw_data": []
    },
    "BUS_IB": {
      "name": "I_BUS",
      "verbal": "Internal Bus",
      "visible": false,
      "nbits": "32",
      "value": 0,
      "default_value": 0,
      "draw_data": []
    },
    "BUS_AB": {
      "name": "A_BUS",
      "verbal": "Address Bus",
      "visible": false,
      "nbits": "32",
      "value": 0,
      "default_value": 0,
      "draw_data": []
    },
    "BUS_CB": {
      "name": "C_BUS",
      "verbal": "Control Bus",
      "visible": false,
      "nbits": "32",
      "value": 0,
      "default_value": 0,
      "draw_data": []
    },
    "BUS_DB": {
      "name": "D_BUS",
      "verbal": "Data Bus",
      "visible": false,
      "nbits": "32",
      "value": 0,
      "default_value": 0,
      "draw_data": []
    },
    "RA_T9": {
      "name": "RA_T9",
      "verbal": "Input of T9 Tristate",
      "visible": false,
      "nbits": "32",
      "value": 0,
      "default_value": 0,
      "draw_data": []
    },
    "RB_T10": {
      "name": "RB_T10",
      "verbal": "Input of T10 Tristate",
      "visible": false,
      "nbits": "32",
      "value": 0,
      "default_value": 0,
      "draw_data": []
    },
    "SELEC_T3": {
      "name": "SELEC_T3",
      "verbal": "Input of T3 Tristate",
      "visible": false,
      "nbits": "32",
      "value": 0,
      "default_value": 0,
      "draw_data": []
    },
    "ALU_T6": {
      "name": "ALU_T6",
      "verbal": "Input of T6 Tristate",
      "visible": false,
      "nbits": "32",
      "value": 0,
      "default_value": 0,
      "draw_data": []
    },
    "MA_ALU": {
      "name": "MA_ALU",
      "verbal": "Input ALU via MA",
      "visible": false,
      "nbits": "32",
      "value": 0,
      "default_value": 0,
      "draw_data": []
    },
    "MB_ALU": {
      "name": "MB_ALU",
      "verbal": "Input ALU via MB",
      "visible": false,
      "nbits": "32",
      "value": 0,
      "default_value": 0,
      "draw_data": []
    },
    "FLAG_C": {
      "name": "FLAG_C",
      "verbal": "Flag Carry",
      "visible": true,
      "nbits": "1",
      "value": 0,
      "default_value": 0,
      "draw_data": []
    },
    "FLAG_V": {
      "name": "FLAG_V",
      "verbal": "Flag Overflow",
      "visible": true,
      "nbits": "1",
      "value": 0,
      "default_value": 0,
      "draw_data": []
    },
    "FLAG_N": {
      "name": "FLAG_N",
      "verbal": "Flag Negative",
      "visible": true,
      "nbits": "1",
      "value": 0,
      "default_value": 0,
      "draw_data": []
    },
    "FLAG_Z": {
      "name": "FLAG_Z",
      "verbal": "Flag Zero",
      "visible": true,
      "nbits": "1",
      "value": 0,
      "default_value": 0,
      "draw_data": []
    },
    "FLAG_I": {
      "name": "FLAG_I",
      "verbal": "Flag Interruption",
      "visible": true,
      "nbits": "1",
      "value": 0,
      "default_value": 0,
      "draw_data": []
    },
    "FLAG_U": {
      "name": "FLAG_U",
      "verbal": "Flag User",
      "visible": true,
      "nbits": "1",
      "value": 0,
      "default_value": 0,
      "draw_data": []
    },
    "REG_MICROADDR": {
      "name": "µADDR",
      "verbal": "Microaddress Register",
      "visible": true,
      "nbits": "12",
      "value": 0,
      "default_value": 0,
      "draw_data": [
        "svg_cu:text4667"
      ]
    },
    "REG_MICROINS": {
      "name": "µINS",
      "verbal": "Microinstruction Register",
      "visible": true,
      "nbits": "77",
      "value": {},
      "default_value": {},
      "draw_data": []
    },
    "FETCH": {
      "name": "FETCH",
      "verbal": "Input Fetch ",
      "visible": false,
      "nbits": "12",
      "value": 0,
      "default_value": 0,
      "draw_data": []
    },
    "ROM_MUXA": {
      "name": "ROM_MUXA",
      "verbal": "Input ROM ",
      "visible": false,
      "nbits": "12",
      "value": 0,
      "default_value": 0,
      "draw_data": []
    },
    "SUM_ONE": {
      "name": "SUM_ONE",
      "verbal": "Input next microinstruction ",
      "visible": false,
      "nbits": "12",
      "value": 1,
      "default_value": 1,
      "draw_data": []
    },
    "MUXA_MICROADDR": {
      "name": "MUXA_MICROADDR",
      "verbal": "Input microaddress from microinstruction",
      "visible": false,
      "nbits": "12",
      "value": 0,
      "default_value": 0,
      "draw_data": []
    },
    "MUXC_MUXB": {
      "name": "MUXC_MUXB",
      "verbal": "Output of MUX C",
      "visible": false,
      "nbits": "1",
      "value": 0,
      "default_value": 0,
      "draw_data": []
    },
    "INEX": {
      "name": "INEX",
      "verbal": "Illegal Instruction Exception",
      "visible": false,
      "nbits": "1",
      "value": 0,
      "default_value": 0,
      "draw_data": []
    },
    "BS_M1": {
      "name": "BS_M1",
      "verbal": "from Memory",
      "visible": false,
      "nbits": "32",
      "value": 0,
      "default_value": 0,
      "draw_data": []
    },
    "BS_TD": {
      "name": "BS_TD",
      "verbal": "Memory",
      "visible": false,
      "nbits": "32",
      "value": 0,
      "default_value": 0,
      "draw_data": []
    },
    "INTV": {
      "name": "INTV",
      "verbal": "Interruption Vector",
      "visible": false,
      "nbits": "8",
      "value": 0,
      "default_value": 0,
      "draw_data": []
    },
    "M1_C1": {
      "name": "M1_C1",
      "verbal": "Input of Memory Data Register",
      "visible": false,
      "nbits": "32",
      "value": 0,
      "default_value": 0,
      "draw_data": []
    },
    "M7_C7": {
      "name": "M7_C7",
      "verbal": "Input of State Register",
      "visible": false,
      "nbits": "32",
      "value": 0,
      "default_value": 0,
      "draw_data": []
    },
    "VAL_ZERO": {
      "name": "VAL_ZERO",
      "verbal": "Wired Zero",
      "visible": false,
      "nbits": "1",
      "value": 0,
      "default_value": 0,
      "draw_data": []
    },
    "VAL_ONE": {
      "name": "VAL_ONE",
      "verbal": "Wired One",
      "visible": false,
      "nbits": "32",
      "value": 1,
      "default_value": 1,
      "draw_data": []
    },
    "VAL_FOUR": {
      "name": "VAL_FOUR",
      "verbal": "Wired Four",
      "visible": false,
      "nbits": "32",
      "value": 4,
      "default_value": 4,
      "draw_data": []
    },
    "REG_IR_DECO": {
      "name": "IR_DECO",
      "verbal": "Instruction Decoded",
      "visible": true,
      "nbits": "0",
      "value": 0,
      "default_value": 0,
      "draw_data": []
    },
    "DECO_INS": {
      "name": "DECO_INS",
      "verbal": "Instruction decoded in binary",
      "visible": true,
      "nbits": "32",
      "value": 0,
      "default_value": 0,
      "draw_data": []
    },
    "CLK": {
      "name": "CLK",
      "verbal": "Clock",
      "visible": false,
      "nbits": "32",
      "value": 0,
      "default_value": 0,
      "draw_data": []
    },
    "KBDR": {
      "name": "KBDR",
      "verbal": "Keyboard Data Register",
      "visible": false,
      "nbits": "32",
      "value": 0,
      "default_value": 0,
      "draw_data": []
    },
    "KBSR": {
      "name": "KBSR",
      "verbal": "Keyboard Status Register",
      "visible": false,
      "nbits": "32",
      "value": 0,
      "default_value": 0,
      "draw_data": []
    },
    "DDR": {
      "name": "DDR",
      "verbal": "Display Data Register",
      "visible": false,
      "nbits": "32",
      "value": 0,
      "default_value": 0,
      "draw_data": []
    },
    "DSR": {
      "name": "DSR",
      "verbal": "Display State Register",
      "visible": false,
      "nbits": "32",
      "value": 0,
      "default_value": 0,
      "draw_data": []
    }
  },
  "signals": {
    "C": {
      "name": "C",
      "visible": true,
      "type": "L",
      "value": 0,
      "default_value": 0,
      "nbits": "4",
      "behavior": [
        "MV MUXC_MUXB VAL_ZERO; FIRE_IFCHANGED B MUXC_MUXB; RESET_CHANGED MUXC_MUXB",
        "MBIT MUXC_MUXB INT 0 1; FIRE_IFCHANGED B MUXC_MUXB; RESET_CHANGED MUXC_MUXB",
        "MBIT MUXC_MUXB IORDY 0 1; FIRE_IFCHANGED B MUXC_MUXB; RESET_CHANGED MUXC_MUXB",
        "MBIT MUXC_MUXB MRDY 0 1; FIRE_IFCHANGED B MUXC_MUXB; RESET_CHANGED MUXC_MUXB",
        "MBIT MUXC_MUXB REG_SR 0 1; FIRE_IFCHANGED B MUXC_MUXB; RESET_CHANGED MUXC_MUXB",
        "MBIT MUXC_MUXB REG_SR 1 1; FIRE_IFCHANGED B MUXC_MUXB; RESET_CHANGED MUXC_MUXB",
        "MBIT MUXC_MUXB REG_SR 28 1; FIRE_IFCHANGED B MUXC_MUXB; RESET_CHANGED MUXC_MUXB",
        "MBIT MUXC_MUXB REG_SR 29 1; FIRE_IFCHANGED B MUXC_MUXB; RESET_CHANGED MUXC_MUXB",
        "MBIT MUXC_MUXB REG_SR 30 1; FIRE_IFCHANGED B MUXC_MUXB; RESET_CHANGED MUXC_MUXB",
        "MBIT MUXC_MUXB REG_SR 31 1; FIRE_IFCHANGED B MUXC_MUXB; RESET_CHANGED MUXC_MUXB",
        "MV MUXC_MUXB INEX; FIRE_IFCHANGED B MUXC_MUXB; RESET_CHANGED MUXC_MUXB"
      ],
      "fire_name": [
        "svg_cu:text3410"
      ],
      "draw_data": [
        [
          "svg_cu:path3108"
        ],
        [
          "svg_cu:path3062"
        ],
        [
          "svg_cu:path3060"
        ],
        [
          "svg_cu:path3136"
        ],
        [
          "svg_cu:path3482"
        ],
        [
          "svg_cu:path3480"
        ],
        [
          "svg_cu:path3488"
        ],
        [
          "svg_cu:path3486"
        ],
        [
          "svg_cu:path3484"
        ],
        [
          "svg_cu:path3484-9"
        ],
        [
          "svg_cu:path3108-3",
          "svg_cu:path3260-3-8-6",
          "svg_cu:path3260-3-8",
          "svg_cu:path3260-3"
        ]
      ],
      "draw_name": [
        [
          "svg_cu:path3496",
          "svg_cu:path3414",
          "svg_cu:path3194-08"
        ]
      ]
    },
    "B": {
      "name": "B",
      "visible": true,
      "type": "L",
      "value": 0,
      "default_value": 0,
      "nbits": "1",
      "behavior": [
        "MV A1 MUXC_MUXB; FIRE A1",
        "NOT_ES A1 MUXC_MUXB; FIRE A1"
      ],
      "depends_on": [
        "CLK"
      ],
      "fire_name": [
        "svg_cu:text3408"
      ],
      "draw_data": [
        [
          "svg_cu:path3094-7"
        ],
        [
          "svg_cu:path3392",
          "svg_cu:path3372",
          "svg_cu:path3390",
          "svg_cu:path3384",
          "svg_cu:path3108-1",
          "svg_cu:path3100-8-7"
        ]
      ],
      "draw_name": [
        [],
        [
          "svg_cu:path3194-0",
          "svg_cu:path3138-8",
          "svg_cu:path3498-6"
        ]
      ]
    },
    "A0": {
      "name": "A0",
      "visible": false,
      "type": "L",
      "value": 0,
      "default_value": 0,
      "nbits": "1",
      "behavior": [
        "SBIT A0A1 A0 1; FIRE A0A1",
        "SBIT A0A1 A0 1; FIRE A0A1"
      ],
      "depends_on": [
        "CLK"
      ],
      "fire_name": [
        "svg_cu:text3406"
      ],
      "draw_data": [
        [
          "svg_cu:path3096"
        ],
        [
          "svg_cu:path3096"
        ]
      ],
      "draw_name": [
        [],
        [
          "svg_cu:path3138-8-1",
          "svg_cu:path3098-2",
          "svg_cu:path3124-2-5"
        ]
      ]
    },
    "A1": {
      "name": "A1",
      "visible": false,
      "type": "L",
      "value": 0,
      "default_value": 0,
      "nbits": "1",
      "behavior": [
        "SBIT A0A1 A1 0; FIRE A0A1",
        "SBIT A0A1 A1 0; FIRE A0A1"
      ],
      "depends_on": [
        "CLK"
      ],
      "fire_name": [],
      "draw_data": [
        [
          "svg_cu:path3094"
        ],
        [
          "svg_cu:path3094"
        ]
      ],
      "draw_name": [
        []
      ]
    },
    "A0A1": {
      "name": "A0A1",
      "visible": true,
      "type": "L",
      "value": 0,
      "default_value": 0,
      "nbits": "2",
      "behavior": [
        "PLUS1 MUXA_MICROADDR REG_MICROADDR",
        "CP_FIELD MUXA_MICROADDR REG_MICROINS/MADDR",
        "MV MUXA_MICROADDR ROM_MUXA",
        "MV MUXA_MICROADDR FETCH"
      ],
      "depends_on": [
        "CLK"
      ],
      "fire_name": [],
      "draw_data": [
        [
          "svg_cu:path3102",
          "svg_cu:path3100",
          "svg_cu:path3098",
          "svg_cu:path3100-9",
          "svg_cu:path3088"
        ],
        [
          "svg_cu:path3104",
          "svg_cu:path3134",
          "svg_cu:path3500",
          "svg_cu:path3416"
        ],
        [
          "svg_cu:path3504",
          "svg_cu:path3100-8",
          "svg_cu:path3234-9"
        ],
        [
          "svg_cu:path3124"
        ]
      ],
      "draw_name": [
        []
      ]
    },
    "C0": {
      "name": "C0",
      "visible": true,
      "type": "E",
      "value": 0,
      "default_value": 0,
      "nbits": "1",
      "behavior": [
        "NOP",
        "MV REG_MAR BUS_IB"
      ],
      "fire_name": [
        "svg_p:text3077"
      ],
      "draw_data": [
        [
          "svg_p:path3081"
        ]
      ],
      "draw_name": [
        [
          "svg_p:path3075"
        ]
      ]
    },
    "C1": {
      "name": "C1",
      "visible": true,
      "type": "E",
      "value": 0,
      "default_value": 0,
      "nbits": "1",
      "behavior": [
        "NOP",
        "MV REG_MBR M1_C1"
      ],
      "fire_name": [
        "svg_p:text3079"
      ],
      "draw_data": [
        [
          "svg_p:path3055"
        ]
      ],
      "draw_name": [
        [
          "svg_p:path3073"
        ]
      ]
    },
    "C2": {
      "name": "C2",
      "visible": true,
      "type": "E",
      "value": 0,
      "default_value": 0,
      "nbits": "1",
      "behavior": [
        "NOP",
        "MV REG_PC BUS_IB; UPDATEDPC"
      ],
      "fire_name": [
        "svg_p:text3179"
      ],
      "draw_data": [
        [
          "svg_p:path3217"
        ]
      ],
      "draw_name": [
        [
          "svg_p:path3177"
        ]
      ]
    },
    "C3": {
      "name": "C3",
      "visible": true,
      "type": "E",
      "value": 0,
      "default_value": 0,
      "nbits": "1",
      "behavior": [
        "NOP",
        "MV REG_IR BUS_IB; DECO; FIRE_IFSET C 10"
      ],
      "fire_name": [
        "svg_p:text3439"
      ],
      "draw_data": [
        [
          "svg_p:path3339",
          "svg_p:path3913-4"
        ]
      ],
      "draw_name": [
        [
          "svg_p:path3337"
        ]
      ]
    },
    "C4": {
      "name": "C4",
      "visible": true,
      "type": "E",
      "value": 0,
      "default_value": 0,
      "nbits": "1",
      "behavior": [
        "NOP",
        "MV REG_RT1 BUS_IB"
      ],
      "fire_name": [
        "svg_p:tspan482"
      ],
      "draw_data": [
        [
          "svg_p:path3339-4"
        ]
      ],
      "draw_name": [
        [
          "svg_p:path3337-0"
        ]
      ]
    },
    "C7": {
      "name": "C7",
      "visible": true,
      "type": "E",
      "value": 0,
      "default_value": 0,
      "nbits": "1",
      "behavior": [
        "NOP",
        "MV REG_SR M7_C7; FIRE C"
      ],
      "fire_name": [
        "svg_p:text3655"
      ],
      "draw_data": [
        [
          "svg_p:path3651-9"
        ]
      ],
      "draw_name": [
        [
          "svg_p:path3681"
        ]
      ]
    },
    "TA": {
      "name": "TA",
      "visible": true,
      "type": "L",
      "value": 0,
      "default_value": 0,
      "nbits": "1",
      "behavior": [
        "NOP",
        "MV BUS_AB REG_MAR"
      ],
      "fire_name": [
        "svg_p:text3091"
      ],
      "draw_data": [
        [
          "svg_p:path3089",
          "svg_p:path3597",
          "svg_p:path3513",
          "svg_p:path3601",
          "svg_p:path3601-2",
          "svg_p:path3187",
          "svg_p:path3087",
          "svg_p:path2995",
          "svg_p:path3535"
        ]
      ],
      "draw_name": [
        [
          "svg_p:path3085"
        ]
      ]
    },
    "TD": {
      "name": "TD",
      "visible": true,
      "type": "L",
      "value": 0,
      "default_value": 0,
      "nbits": "1",
      "behavior": [
        "NOP",
        "MV BUS_DB REG_MBR; FIRE R; FIRE W"
      ],
      "fire_name": [
        "svg_p:text3103"
      ],
      "draw_data": [
        [
          "svg_p:path3101",
          "svg_p:path3587",
          "svg_p:path3419-8",
          "svg_p:path3071",
          "svg_p:path3099",
          "svg_p:path3097",
          "svg_p:path3559-5",
          "svg_p:path3419-1-0",
          "svg_p:path3583",
          "svg_p:path3419-1",
          "svg_p:path3491",
          "svg_p:path3641",
          "svg_p:path3541"
        ]
      ],
      "draw_name": [
        [
          "svg_p:path3095"
        ]
      ]
    },
    "T1": {
      "name": "T1",
      "visible": true,
      "type": "L",
      "value": 0,
      "default_value": 0,
      "nbits": "1",
      "behavior": [
        "NOP",
        "MV BUS_IB REG_MBR; FIRE M7; FIRE M1"
      ],
      "fire_name": [
        "svg_p:text3105"
      ],
      "draw_data": [
        [
          "svg_p:path3071",
          "svg_p:path3069",
          "svg_p:path3049",
          "svg_p:path3063-9",
          "svg_p:path3071"
        ]
      ],
      "draw_name": [
        [
          "svg_p:path3067"
        ]
      ]
    },
    "T2": {
      "name": "T2",
      "visible": true,
      "type": "L",
      "value": 0,
      "default_value": 0,
      "nbits": "1",
      "behavior": [
        "NOP",
        "MV BUS_IB REG_PC; FIRE M7; FIRE M1"
      ],
      "fire_name": [
        "svg_p:text3449"
      ],
      "draw_data": [
        [
          "svg_p:path3199",
          "svg_p:path3201",
          "svg_p:path3049"
        ]
      ],
      "draw_name": [
        [
          "svg_p:path3329"
        ]
      ]
    },
    "T3": {
      "name": "T3",
      "visible": true,
      "type": "L",
      "value": 0,
      "default_value": 0,
      "nbits": "1",
      "behavior": [
        "NOP",
        "MV BUS_IB SELEC_T3; FIRE M7; FIRE M1"
      ],
      "fire_name": [
        "svg_p:text3451"
      ],
      "draw_data": [
        [
          "svg_p:path3349",
          "svg_p:path3931",
          "svg_p:path3345",
          "svg_p:path3049"
        ]
      ],
      "draw_name": [
        [
          "svg_p:path3351"
        ]
      ]
    },
    "T6": {
      "name": "T6",
      "visible": true,
      "type": "L",
      "value": 0,
      "default_value": 0,
      "nbits": "1",
      "behavior": [
        "NOP",
        "MV BUS_IB ALU_T6; FIRE M7; FIRE M1"
      ],
      "fire_name": [
        "svg_p:text3457"
      ],
      "draw_data": [
        [
          "svg_p:path3589",
          "svg_p:path3317",
          "svg_p:path3163-2",
          "svg_p:path3049",
          "svg_p:path3317-9",
          "svg_p:path3321",
          "svg_p:path3261-8"
        ]
      ],
      "draw_name": [
        [
          "svg_p:path3319"
        ]
      ]
    },
    "T8": {
      "name": "T8",
      "visible": true,
      "type": "L",
      "value": 0,
      "default_value": 0,
      "nbits": "1",
      "behavior": [
        "NOP",
        "MV BUS_IB REG_SR; FIRE M7; FIRE M1"
      ],
      "fire_name": [
        "svg_p:text3657"
      ],
      "draw_data": [
        [
          "svg_p:path3651",
          "svg_p:path3647",
          "svg_p:path3049"
        ]
      ],
      "draw_name": [
        [
          "svg_p:path3649"
        ]
      ]
    },
    "T9": {
      "name": "T9",
      "visible": true,
      "type": "L",
      "value": 0,
      "default_value": 0,
      "nbits": "1",
      "behavior": [
        "NOP",
        "MV BUS_IB RA_T9; FIRE M7; FIRE M1"
      ],
      "fire_name": [
        "svg_p:text3147"
      ],
      "draw_data": [
        [
          "svg_p:path3143",
          "svg_p:path3139",
          "svg_p:path3049",
          "svg_p:path3143-9"
        ]
      ],
      "draw_name": [
        [
          "svg_p:path3133"
        ]
      ]
    },
    "T10": {
      "name": "T10",
      "visible": true,
      "type": "L",
      "value": 0,
      "default_value": 0,
      "nbits": "1",
      "behavior": [
        "NOP",
        "MV BUS_IB RB_T10; FIRE M7; FIRE M1"
      ],
      "fire_name": [
        "svg_p:text3149"
      ],
      "draw_data": [
        [
          "svg_p:path3145",
          "svg_p:path3141",
          "svg_p:path3049",
          "svg_p:path3145-5"
        ]
      ],
      "draw_name": [
        [
          "svg_p:path3137"
        ]
      ]
    },
    "T11": {
      "name": "T11",
      "visible": true,
      "type": "L",
      "value": 0,
      "default_value": 0,
      "nbits": "1",
      "behavior": [
        "NOP",
        "CP_FIELD BUS_IB REG_MICROINS/EXCODE; FIRE M7; FIRE M1"
      ],
      "fire_name": [
        "svg_p:text3147-5",
        "svg_cu:tspan4426"
      ],
      "draw_data": [
        [
          "svg_p:path3081-3",
          "svg_p:path3139-7",
          "svg_p:path3049",
          "svg_cu:path3081-3",
          "svg_cu:path3139-7",
          "svg_cu:path3502"
        ]
      ],
      "draw_name": [
        [
          "svg_p:path3133-6",
          "svg_cu:path3133-6"
        ]
      ]
    },
    "M1": {
      "name": "M1",
      "visible": true,
      "type": "L",
      "value": 0,
      "default_value": 0,
      "nbits": "1",
      "behavior": [
        "MV M1_C1 BUS_IB",
        "MV M1_C1 BUS_DB"
      ],
      "depends_on": [
        "C1"
      ],
      "fire_name": [
        "svg_p:text3469"
      ],
      "draw_data": [
        [
          "svg_p:path3063",
          "svg_p:path3061",
          "svg_p:path3059"
        ],
        [
          "svg_p:path3057",
          "svg_p:path3641",
          "svg_p:path3419",
          "svg_p:path3583"
        ]
      ],
      "draw_name": [
        [],
        [
          "svg_p:path3447"
        ]
      ]
    },
    "M7": {
      "name": "M7",
      "visible": true,
      "type": "L",
      "value": 0,
      "default_value": 0,
      "nbits": "1",
      "behavior": [
        "MV M7_C7 BUS_IB",
        "MV M7_C7 REG_SR; SBIT M7_C7 FLAG_C 31; SBIT M7_C7 FLAG_V 30; SBIT M7_C7 FLAG_N 29; SBIT M7_C7 FLAG_Z 28"
      ],
      "depends_on": [
        "C7"
      ],
      "fire_name": [
        "svg_p:text3673"
      ],
      "draw_data": [
        [
          "svg_p:path3691",
          "svg_p:path3693",
          "svg_p:path3659"
        ],
        [
          "svg_p:path3695"
        ]
      ],
      "draw_name": [
        [],
        [
          "svg_p:path3667"
        ]
      ]
    },
    "MA": {
      "name": "MA",
      "visible": true,
      "type": "L",
      "value": 0,
      "default_value": 0,
      "nbits": "1",
      "behavior": [
        "MV MA_ALU RA_T9; FIRE COP",
        "MV MA_ALU BUS_IB; FIRE COP"
      ],
      "depends_on": [
        "SELA",
        "SELB"
      ],
      "fire_name": [
        "svg_p:text3463"
      ],
      "draw_data": [
        [
          "svg_p:path3249",
          "svg_p:path3161",
          "svg_p:path3165"
        ],
        [
          "svg_p:path3279"
        ]
      ],
      "draw_name": [
        [],
        [
          "svg_p:path3423"
        ]
      ]
    },
    "MB": {
      "name": "MB",
      "visible": true,
      "type": "L",
      "value": 0,
      "default_value": 0,
      "nbits": "1",
      "behavior": [
        "MV MB_ALU RB_T10; FIRE COP",
        "MV MB_ALU REG_PC; FIRE COP"
      ],
      "depends_on": [
        "SELA",
        "SELB"
      ],
      "fire_name": [
        "svg_p:text3465"
      ],
      "draw_data": [
        [
          "svg_p:path3281",
          "svg_p:path3171",
          "svg_p:path3169"
        ],
        [
          "svg_p:path3283"
        ]
      ],
      "draw_name": [
        [],
        [
          "svg_p:path3425",
          "svg_p:path3427"
        ]
      ]
    },
    "COP": {
      "name": "COP",
      "visible": true,
      "type": "L",
      "value": 0,
      "default_value": 0,
      "nbits": "5",
      "forbidden": true,
      "behavior": [
        "NOP_ALU; UPDATE_NZVC",
        "AND ALU_T6 MA_ALU MB_ALU; UPDATE_NZVC; FIRE_IFSET T6 1; FIRE_IFSET M7 1",
        "OR ALU_T6 MA_ALU MB_ALU; UPDATE_NZVC; FIRE_IFSET T6 1; FIRE_IFSET M7 1",
        "NOT ALU_T6 MA_ALU; UPDATE_NZVC; FIRE_IFSET T6 1; FIRE_IFSET M7 1",
        "XOR ALU_T6 MA_ALU MB_ALU; UPDATE_NZVC; FIRE_IFSET T6 1; FIRE_IFSET M7 1",
        "SRL ALU_T6 MA_ALU; UPDATE_NZVC; FIRE_IFSET T6 1; FIRE_IFSET M7 1",
        "SRA ALU_T6 MA_ALU; UPDATE_NZVC; FIRE_IFSET T6 1; FIRE_IFSET M7 1",
        "SL ALU_T6 MA_ALU; UPDATE_NZVC; FIRE_IFSET T6 1; FIRE_IFSET M7 1",
        "RR ALU_T6 MA_ALU; UPDATE_NZVC; FIRE_IFSET T6 1; FIRE_IFSET M7 1",
        "RL ALU_T6 MA_ALU; UPDATE_NZVC; FIRE_IFSET T6 1; FIRE_IFSET M7 1",
        "ADD ALU_T6 MA_ALU MB_ALU; UPDATE_NZVC; FIRE_IFSET T6 1; FIRE_IFSET M7 1",
        "SUB ALU_T6 MA_ALU MB_ALU; UPDATE_NZVC; FIRE_IFSET T6 1; FIRE_IFSET M7 1",
        "MUL ALU_T6 MA_ALU MB_ALU; UPDATE_NZVC; FIRE_IFSET T6 1; FIRE_IFSET M7 1",
        "DIV ALU_T6 MA_ALU MB_ALU; UPDATE_NZVC; FIRE_IFSET T6 1; FIRE_IFSET M7 1",
        "MOD ALU_T6 MA_ALU MB_ALU; UPDATE_NZVC; FIRE_IFSET T6 1; FIRE_IFSET M7 1",
        "LUI ALU_T6 MA_ALU; UPDATE_NZVC; FIRE_IFSET T6 1; FIRE_IFSET M7 1",
        "ADDFOUR ALU_T6 MB_ALU; UPDATE_NZVC; FIRE_IFSET T6 1; FIRE_IFSET M7 1",
        "ADDONE ALU_T6 MB_ALU; UPDATE_NZVC; FIRE_IFSET T6 1; FIRE_IFSET M7 1",
        "FADD ALU_T6 MA_ALU MB_ALU; UPDATE_NZVC; FIRE_IFSET T6 1; FIRE_IFSET M7 1",
        "FSUB ALU_T6 MA_ALU MB_ALU; UPDATE_NZVC; FIRE_IFSET T6 1; FIRE_IFSET M7 1",
        "FMUL ALU_T6 MA_ALU MB_ALU; UPDATE_NZVC; FIRE_IFSET T6 1; FIRE_IFSET M7 1",
        "FDIV ALU_T6 MA_ALU MB_ALU; UPDATE_NZVC; FIRE_IFSET T6 1; FIRE_IFSET M7 1",
        "FMOD ALU_T6 MA_ALU MB_ALU; UPDATE_NZVC; FIRE_IFSET T6 1; FIRE_IFSET M7 1",
        "NOP_ALU",
        "NOP_ALU",
        "NOP_ALU",
        "NOP_ALU",
        "NOP_ALU",
        "NOP_ALU",
        "NOP_ALU",
        "NOP_ALU",
        "NOP_ALU"
      ],
      "depends_on": [
        "SELCOP"
      ],
      "fire_name": [
        "svg_p:text3303"
      ],
      "draw_data": [
        [
          "svg_p:path3237",
          "svg_p:path3239",
          "svg_p:path3261-8",
          "svg_p:path3321",
          "svg_p:path3901-6",
          "svg_p:path3317-9"
        ]
      ],
      "draw_name": [
        [
          "svg_p:path3009",
          "svg_p:path3301"
        ]
      ]
    },
    "SELA": {
      "name": "SELA",
      "visible": true,
      "type": "L",
      "value": 0,
      "default_value": 0,
      "nbits": "6",
      "behavior": [
        "FIRE_IFCHANGED MR_RA SELA; RESET_CHANGED SELA"
      ],
      "depends_on": [
        "RA"
      ],
      "fire_name": [
        "svg_cu:text3164"
      ],
      "draw_data": [
        []
      ],
      "draw_name": [
        []
      ]
    },
    "SELB": {
      "name": "SELB",
      "visible": true,
      "type": "L",
      "value": 0,
      "default_value": 0,
      "nbits": "6",
      "behavior": [
        "FIRE_IFCHANGED MR_RB SELB; RESET_CHANGED SELB"
      ],
      "depends_on": [
        "RB"
      ],
      "fire_name": [
        "svg_cu:text3168"
      ],
      "draw_data": [
        []
      ],
      "draw_name": [
        []
      ]
    },
    "SELC": {
      "name": "SELC",
      "visible": true,
      "type": "L",
      "value": 0,
      "default_value": 0,
      "nbits": "6",
      "behavior": [
        "FIRE_IFCHANGED MR_RC SELC; RESET_CHANGED SELC"
      ],
      "depends_on": [
        "RC"
      ],
      "fire_name": [
        "svg_cu:text3172"
      ],
      "draw_data": [
        []
      ],
      "draw_name": [
        []
      ]
    },
    "SELCOP": {
      "name": "SELCOP",
      "visible": true,
      "type": "L",
      "value": 0,
      "default_value": 0,
      "nbits": "5",
      "behavior": [
        "FIRE_IFCHANGED MC SELCOP; RESET_CHANGED SELCOP"
      ],
      "depends_on": [
        "COP"
      ],
      "fire_name": [
        "svg_cu:text3312"
      ],
      "draw_data": [
        []
      ],
      "draw_name": [
        []
      ]
    },
    "EXCODE": {
      "name": "EXCODE",
      "visible": true,
      "type": "L",
      "value": 0,
      "default_value": 0,
      "nbits": "4",
      "behavior": [
        "FIRE T11"
      ],
      "fire_name": [
        "svg_cu:text3312-6"
      ],
      "draw_data": [
        []
      ],
      "draw_name": [
        []
      ]
    },
    "RA": {
      "name": "RA",
      "visible": true,
      "type": "L",
      "value": 0,
      "default_value": 0,
      "nbits": "6",
      "forbidden": true,
      "behavior": [
        "GET RA_T9 BR RA; FIRE_IFSET T9 1; FIRE_IFSET MA 0"
      ],
      "depends_on": [
        "SELA"
      ],
      "fire_name": [
        "svg_p:text3107"
      ],
      "draw_data": [
        []
      ],
      "draw_name": [
        [
          "svg_p:path3109"
        ]
      ]
    },
    "RB": {
      "name": "RB",
      "visible": true,
      "type": "L",
      "value": 0,
      "default_value": 0,
      "nbits": "6",
      "forbidden": true,
      "behavior": [
        "GET RB_T10 BR RB; FIRE_IFSET T10 1; FIRE_IFSET MB 0"
      ],
      "depends_on": [
        "SELB"
      ],
      "fire_name": [
        "svg_p:text3123"
      ],
      "draw_data": [
        []
      ],
      "draw_name": [
        [
          "svg_p:path3113"
        ]
      ]
    },
    "RC": {
      "name": "RC",
      "visible": true,
      "type": "L",
      "value": 0,
      "default_value": 0,
      "nbits": "6",
      "forbidden": true,
      "behavior": [
        "FIRE LC"
      ],
      "depends_on": [
        "SELC"
      ],
      "fire_name": [
        "svg_p:text3125"
      ],
      "draw_data": [
        []
      ],
      "draw_name": [
        [
          "svg_p:path3117"
        ]
      ]
    },
    "LC": {
      "name": "LC",
      "visible": true,
      "type": "E",
      "value": 0,
      "default_value": 0,
      "nbits": "1",
      "behavior": [
        "NOP",
        "SET BR RC BUS_IB"
      ],
      "fire_name": [
        "svg_p:text3127"
      ],
      "draw_data": [
        [
          "svg_p:path3153",
          "svg_p:path3151",
          "svg_p:path3129"
        ]
      ],
      "draw_name": [
        [
          "svg_p:path3121"
        ]
      ]
    },
    "SE": {
      "name": "SE",
      "visible": true,
      "type": "L",
      "value": 0,
      "default_value": 0,
      "nbits": "1",
      "behavior": [
        "MBITS SELEC_T3 0 REG_RT1 OFFSET SIZE 0 SE; FIRE T3",
        "MBITS SELEC_T3 0 REG_RT1 OFFSET SIZE 0 SE; FIRE T3"
      ],
      "depends_on": [
        "T3"
      ],
      "fire_name": [
        "svg_p:text3593"
      ],
      "draw_data": [
        []
      ],
      "draw_name": [
        [
          "svg_p:path3591",
          "svg_p:path3447-7-7"
        ]
      ]
    },
    "SIZE": {
      "name": "SIZE",
      "visible": true,
      "type": "L",
      "value": 0,
      "default_value": 0,
      "nbits": "5",
      "behavior": [
        "MBITS SELEC_T3 0 REG_RT1 OFFSET SIZE 0 SE; FIRE T3"
      ],
      "depends_on": [
        "T3"
      ],
      "fire_name": [
        "svg_p:text3363"
      ],
      "draw_data": [
        []
      ],
      "draw_name": [
        [
          "svg_p:path3355"
        ]
      ]
    },
    "OFFSET": {
      "name": "OFFSET",
      "visible": true,
      "type": "L",
      "value": 0,
      "default_value": 0,
      "nbits": "5",
      "behavior": [
        "MBITS SELEC_T3 0 REG_RT1 OFFSET SIZE 0 SE; FIRE T3"
      ],
      "depends_on": [
        "T3"
      ],
      "fire_name": [
        "svg_p:text3707"
      ],
      "draw_data": [
        []
      ],
      "draw_name": [
        [
          "svg_p:path3359"
        ]
      ]
    },
    "MC": {
      "name": "MC",
      "visible": true,
      "type": "L",
      "value": 0,
      "default_value": 0,
      "nbits": "1",
      "behavior": [
        "MBIT COP REG_IR 0 5; FIRE_IFCHANGED COP MC",
        "CP_FIELD COP REG_MICROINS/SELCOP; FIRE_IFCHANGED COP MC"
      ],
      "depends_on": [
        "SELCOP"
      ],
      "fire_name": [
        "svg_cu:text3322",
        "svg_cu:text3172-1-5"
      ],
      "draw_data": [
        [
          "svg_cu:path3320",
          "svg_cu:path3142"
        ],
        [
          "svg_cu:path3318",
          "svg_cu:path3502-6",
          "svg_cu:path3232-6"
        ]
      ],
      "draw_name": [
        [],
        [
          "svg_cu:path3306"
        ]
      ]
    },
    "MR": {
      "name": "MR",
      "visible": true,
      "type": "L",
      "value": 0,
      "default_value": 0,
      "nbits": "1",
      "behavior": [
        "MV MR_RA MR; FIRE MR_RA; MV MR_RB MR; FIRE MR_RB; MV MR_RC MR; FIRE MR_RC",
        "MV MR_RA MR; FIRE MR_RA; MV MR_RB MR; FIRE MR_RB; MV MR_RC MR; FIRE MR_RC"
      ],
      "depends_on": [
        "SELA",
        "SELB",
        "SELC"
      ],
      "fire_name": [
        "svg_cu:text3222",
        "svg_cu:text3242",
        "svg_cu:text3254",
        "svg_cu:text3172-1"
      ],
      "draw_data": [
        [
          "svg_cu:path3494",
          "svg_cu:path3492",
          "svg_cu:path3490",
          "svg_cu:path3142b",
          "svg_cu:path3188",
          "svg_cu:path3190",
          "svg_cu:path3192",
          "svg_cu:path3194",
          "svg_cu:path3276",
          "svg_cu:path3290",
          "svg_cu:path3260",
          "svg_cu:path3196",
          "svg_cu:path3502",
          "svg_cu:path3278",
          "svg_cu:path3232",
          "svg_cu:path3292"
        ],
        [
          "svg_cu:path3270",
          "svg_cu:path3282",
          "svg_cu:path3300",
          "svg_cu:path3258",
          "svg_cu:path3260",
          "svg_cu:path3278",
          "svg_cu:path3196",
          "svg_cu:path3502",
          "svg_cu:path3294",
          "svg_cu:path3292",
          "svg_cu:path3288",
          "svg_cu:path3232",
          "svg_cu:path3280"
        ]
      ],
      "draw_name": [
        [],
        [
          "svg_cu:path3220",
          "svg_cu:path3240",
          "svg_cu:path3252"
        ]
      ]
    },
    "MR_RA": {
      "name": "MR_RA",
      "visible": true,
      "type": "L",
      "value": 0,
      "default_value": 0,
      "nbits": "1",
      "behavior": [
        "MBIT_SN RA REG_IR REG_MICROINS/SELA 6; FIRE RA;",
        "CP_FIELD RA REG_MICROINS/SELA; FIRE RA;"
      ],
      "fire_name": [],
      "draw_data": [
        []
      ],
      "draw_name": [
        []
      ]
    },
    "MR_RB": {
      "name": "MR_RB",
      "visible": true,
      "type": "L",
      "value": 0,
      "default_value": 0,
      "nbits": "1",
      "behavior": [
        "MBIT_SN RB REG_IR REG_MICROINS/SELB 6; FIRE RB;",
        "CP_FIELD RB REG_MICROINS/SELB; FIRE RB;"
      ],
      "fire_name": [],
      "draw_data": [
        []
      ],
      "draw_name": [
        []
      ]
    },
    "MR_RC": {
      "name": "MR_RC",
      "visible": true,
      "type": "L",
      "value": 0,
      "default_value": 0,
      "nbits": "1",
      "behavior": [
        "MBIT_SN RC REG_IR REG_MICROINS/SELC 6; FIRE RC;",
        "CP_FIELD RC REG_MICROINS/SELC; FIRE RC;"
      ],
      "fire_name": [],
      "draw_data": [
        []
      ],
      "draw_name": [
        []
      ]
    },
    "IOR": {
      "name": "IOR",
      "visible": true,
      "type": "L",
      "value": 0,
      "default_value": 0,
      "nbits": "1",
      "behavior": [
        "NOP",
        "MOVE_BITS KBD_IOR 0 1 IOR; MOVE_BITS SCR_IOR 0 1 IOR; FIRE KBD_IOR; FIRE SCR_IOR"
      ],
      "fire_name": [
        "svg_p:text3715"
      ],
      "draw_data": [
        [],
        [
          "svg_p:path3733",
          "svg_p:path3491",
          "svg_p:text3715"
        ]
      ],
      "draw_name": [
        [],
        []
      ]
    },
    "IOW": {
      "name": "IOW",
      "visible": true,
      "type": "L",
      "value": 0,
      "default_value": 0,
      "nbits": "1",
      "behavior": [
        "NOP",
        "MOVE_BITS SCR_IOW 0 1 IOW; FIRE SCR_IOW;"
      ],
      "fire_name": [
        "svg_p:text3717"
      ],
      "draw_data": [
        [],
        [
          "svg_p:path3735",
          "svg_p:path3491",
          "svg_p:text3717"
        ]
      ],
      "draw_name": [
        [],
        []
      ]
    },
    "TEST_C": {
      "name": "TEST_C",
      "visible": true,
      "type": "L",
      "value": 0,
      "default_value": 0,
      "nbits": "1",
      "forbidden": true,
      "behavior": [
        "MV FLAG_C VAL_ZERO; FIRE M7",
        "MV FLAG_C VAL_ONE; FIRE M7"
      ],
      "depends_on": [
        "SELCOP"
      ],
      "fire_name": [
        "svg_p:text3701-3"
      ],
      "draw_data": [
        [
          "svg_p:text3701-3"
        ]
      ],
      "draw_name": [
        []
      ]
    },
    "TEST_V": {
      "name": "TEST_V",
      "visible": true,
      "type": "L",
      "value": 0,
      "default_value": 0,
      "nbits": "1",
      "forbidden": true,
      "behavior": [
        "MV FLAG_V VAL_ZERO; FIRE M7",
        "MV FLAG_V VAL_ONE; FIRE M7"
      ],
      "depends_on": [
        "SELCOP"
      ],
      "fire_name": [
        "svg_p:text3701-3-1"
      ],
      "draw_data": [
        [
          "svg_p:text3701-3-1"
        ]
      ],
      "draw_name": [
        []
      ]
    },
    "TEST_N": {
      "name": "TEST_N",
      "visible": true,
      "type": "L",
      "value": 0,
      "default_value": 0,
      "nbits": "1",
      "forbidden": true,
      "behavior": [
        "MV FLAG_N VAL_ZERO; FIRE M7",
        "MV FLAG_N VAL_ONE; FIRE M7"
      ],
      "depends_on": [
        "SELCOP"
      ],
      "fire_name": [
        "svg_p:text3701-3-2"
      ],
      "draw_data": [
        [
          "svg_p:text3701-3-2"
        ]
      ],
      "draw_name": [
        []
      ]
    },
    "TEST_Z": {
      "name": "TEST_Z",
      "visible": true,
      "type": "L",
      "value": 0,
      "default_value": 0,
      "nbits": "1",
      "forbidden": true,
      "behavior": [
        "MV FLAG_Z VAL_ZERO; FIRE M7",
        "MV FLAG_Z VAL_ONE; FIRE M7"
      ],
      "depends_on": [
        "SELCOP"
      ],
      "fire_name": [
        "svg_p:text3701-3-5"
      ],
      "draw_data": [
        [
          "svg_p:text3701-3-5"
        ]
      ],
      "draw_name": [
        []
      ]
    },
    "TEST_I": {
      "name": "TEST_I",
      "visible": true,
      "type": "L",
      "value": 0,
      "default_value": 0,
      "nbits": "1",
      "behavior": [
        "MV FLAG_I VAL_ZERO; FIRE M7",
        "MV FLAG_I VAL_ONE; FIRE M7"
      ],
      "depends_on": [
        "CLK"
      ],
      "fire_name": [
        "svg_cu:text3440"
      ],
      "draw_data": [
        [
          "svg_cu:text3440"
        ]
      ],
      "draw_name": [
        []
      ]
    },
    "TEST_U": {
      "name": "TEST_U",
      "visible": true,
      "type": "L",
      "value": 0,
      "default_value": 0,
      "nbits": "1",
      "behavior": [
        "MV FLAG_U VAL_ZERO; FIRE M7",
        "MV FLAG_U VAL_ONE; FIRE M7"
      ],
      "depends_on": [
        "CLK"
      ],
      "fire_name": [
        "svg_cu:text3442"
      ],
      "draw_data": [
        [
          "svg_cu:text3442"
        ]
      ],
      "draw_name": [
        []
      ]
    },
    "MRDY": {
      "name": "MRDY",
      "visible": true,
      "type": "L",
      "value": 0,
      "default_value": 0,
      "nbits": "1",
      "depends_on": [
        "CLK"
      ],
      "behavior": [
        "FIRE_IFCHANGED MRDY C",
        "FIRE_IFCHANGED MRDY C"
      ],
      "fire_name": [
        "svg_p:tspan3916"
      ],
      "draw_data": [
        [],
        [
          "svg_p:path3895",
          "svg_p:path3541"
        ]
      ],
      "draw_name": [
        [],
        []
      ]
    },
    "R": {
      "name": "R",
      "visible": true,
      "type": "L",
      "value": 0,
      "default_value": 0,
      "nbits": "1",
      "behavior": [
        "NOP",
        "MEM_READ BUS_AB BUS_DB MRDY CLK; FIRE MRDY; FIRE M1"
      ],
      "fire_name": [
        "svg_p:text3533-5-2",
        "svg_p:text3713"
      ],
      "draw_data": [
        [],
        [
          "svg_p:path3557",
          "svg_p:path3571"
        ]
      ],
      "draw_name": [
        [],
        []
      ]
    },
    "W": {
      "name": "W",
      "visible": true,
      "type": "L",
      "value": 0,
      "default_value": 0,
      "nbits": "1",
      "behavior": [
        "NOP",
        "MEM_WRITE BUS_AB BUS_DB MRDY CLK; FIRE MRDY"
      ],
      "fire_name": [
        "svg_p:text3533-5-08",
        "svg_p:text3527"
      ],
      "draw_data": [
        [],
        [
          "svg_p:path3559",
          "svg_p:path3575",
          "svg_p:path3447-7"
        ]
      ],
      "draw_name": [
        [],
        []
      ]
    },
    "KBD_IOR": {
      "name": "IOR",
      "visible": true,
      "type": "L",
      "value": 0,
      "default_value": 0,
      "nbits": "1",
      "behavior": [
        "NOP",
        "KBD_IOR BUS_AB BUS_DB KBDR KBSR CLK; FIRE M1"
      ],
      "fire_name": [
        "svg_p:tspan4057"
      ],
      "draw_data": [
        [],
        [
          "svg_p:path3863",
          "svg_p:path3847"
        ]
      ],
      "draw_name": [
        [],
        []
      ]
    },
    "SCR_IOR": {
      "name": "IOR",
      "visible": true,
      "type": "L",
      "value": 0,
      "default_value": 0,
      "nbits": "1",
      "behavior": [
        "NOP",
        "SCR_IOR BUS_AB BUS_DB DDR DSR CLK"
      ],
      "fire_name": [
        "svg_p:tspan4004"
      ],
      "draw_data": [
        [],
        [
          "svg_p:path3871",
          "svg_p:path3857"
        ]
      ],
      "draw_name": [
        [],
        []
      ]
    },
    "SCR_IOW": {
      "name": "IOW",
      "visible": true,
      "type": "L",
      "value": 0,
      "default_value": 0,
      "nbits": "1",
      "behavior": [
        "NOP",
        "SCR_IOW BUS_AB BUS_DB DDR DSR CLK"
      ],
      "fire_name": [
        "svg_p:tspan4006"
      ],
      "draw_data": [
        [],
        [
          "svg_p:path3873",
          "svg_p:path3857"
        ]
      ],
      "draw_name": [
        [],
        []
      ]
    }
  },
  "behaviors": {
    "PRINT_S": {
      "nparameters": 2,
      "types": [
        "S"
      ],
      "operation": "/Function(function(a){console.log(a[1]+\": 0x\"+poc_def.signals[a[1]].value.toString(16))})/",
      "verbal": "/Function(function(a){return\"Print value of signal \"+a[1]+\": 0x\"+poc_def.signals[a[1]].value.toString(16)+\". \"})/"
    },
    "PRINT_E": {
      "nparameters": 2,
      "types": [
        "E"
      ],
      "operation": "/Function(function(a){console.log(a[1]+\": 0x\"+poc_def.states[a[1]].value.toString(16))})/",
      "verbal": "/Function(function(a){return\"Print value of state \"+a[1]+\": 0x\"+poc_def.states[a[1]].value.toString(16)+\". \"})/"
    },
    "NOP": {
      "nparameters": 1,
      "operation": "/Function(function(a){})/",
      "verbal": "/Function(function(a){return\"\"})/"
    },
    "NOP_ALU": {
      "nparameters": 1,
      "operation": "/Function(function(a){poc_update_nzvc(0,0,0,0)})/",
      "verbal": "/Function(function(a){return\"Reset ALU flags. \"})/"
    },
    "MV": {
      "nparameters": 3,
      "types": [
        "X",
        "X"
      ],
      "operation": "/Function(function(a){sim_elto_org=get_reference(a[2]);sim_elto_dst=get_reference(a[1]);newval=get_value(sim_elto_org);set_value(sim_elto_dst,newval)})/",
      "verbal": "/Function(function(a){var d=get_reference(a[2]);var e=get_value(d);return\"Copy from \"+show_verbal(a[2])+\" to \"+show_verbal(a[1])+\" value \"+show_value(e)+\". \"})/"
    },
    "LOAD": {
      "nparameters": 3,
      "types": [
        "X",
        "X"
      ],
      "operation": "/Function(function(a){sim_elto_org=get_reference(a[2]);sim_elto_dst=get_reference(a[1]);newval=get_value(sim_elto_org);set_value(sim_elto_dst,newval)})/",
      "verbal": "/Function(function(a){var d=get_reference(a[2]);var e=get_value(d);return\"Load from \"+show_verbal(a[2])+\" to \"+show_verbal(a[1])+\" value \"+show_value(e)+\". \"})/"
    },
    "CP_FIELD": {
      "nparameters": 3,
      "types": [
        "X",
        "X"
      ],
      "operation": "/Function(function(a){r=a[2].split(\"/\");sim_elto_org=get_reference(r[0]);newval=get_value(sim_elto_org);newval=newval[r[1]];if(typeof newval!=\"undefined\"){sim_elto_dst=get_reference(a[1]);set_value(sim_elto_dst,newval)}})/",
      "verbal": "/Function(function(a){var e=a[2].split(\"/\");var d=get_reference(e[0]);var f=get_value(d);f=f[e[1]];if(typeof f==\"undefined\"){return\"\"}return\"Copy from Field \"+e[1]+\" of \"+show_verbal(e[0])+\" to \"+show_verbal(a[1])+\" value \"+show_value(f)+\". \"})/"
    },
    "NOT_ES": {
      "nparameters": 3,
      "types": [
        "S",
        "E"
      ],
      "operation": "/Function(function(a){set_value(poc_def.signals[a[1]],Math.abs(get_value(poc_def.states[a[2]])-1))})/",
      "verbal": "/Function(function(a){var d=Math.abs(get_value(poc_def.states[a[2]])-1);return\"Set \"+show_verbal(a[1])+\" with value \"+show_value(d)+\" (Logical NOT of \"+a[2]+\"). \"})/"
    },
    "GET": {
      "nparameters": 4,
      "types": [
        "E",
        "E",
        "S"
      ],
      "operation": "/Function(function(a){set_value(poc_def.states[a[1]],get_value(poc_def.states[a[2]][poc_def.signals[a[3]].value]))})/",
      "verbal": "/Function(function(a){var d=get_value(poc_def.states[a[2]][poc_def.signals[a[3]].value]);return\"Set \"+show_verbal(a[1])+\" with value \"+show_value(d)+\" (Register File \"+a[3]+\"). \"})/"
    },
    "SET": {
      "nparameters": 4,
      "types": [
        "E",
        "S",
        "E"
      ],
      "operation": "/Function(function(a){set_value(poc_def.states[a[1]][poc_def.signals[a[2]].value],get_value(poc_def.states[a[3]]))})/",
      "verbal": "/Function(function(e){var f=get_value(poc_def.states[e[3]]);var d=poc_def.states[e[1]][poc_def.signals[e[2]].value];var a=d.name;if(typeof d.verbal!=\"undefined\"){a=d.verbal}return\"Copy to \"+a+\" the value \"+show_value(f)+\". \"})/"
    },
    "AND": {
      "nparameters": 4,
      "types": [
        "E",
        "E",
        "E"
      ],
      "operation": "/Function(function(d){var a=get_value(poc_def.states[d[2]])&get_value(poc_def.states[d[3]]);set_value(poc_def.states[d[1]],a);poc_update_nzvc((a<0)?1:0,(a==0)?1:0,0,0)})/",
      "verbal": "/Function(function(d){var a=get_value(poc_def.states[d[2]])&get_value(poc_def.states[d[3]]);return\"ALU AND with result \"+show_value(a)+\". \"})/"
    },
    "OR": {
      "nparameters": 4,
      "types": [
        "E",
        "E",
        "E"
      ],
      "operation": "/Function(function(d){var a=get_value(poc_def.states[d[2]])|get_value(poc_def.states[d[3]]);set_value(poc_def.states[d[1]],a);poc_update_nzvc((a<0)?1:0,(a==0)?1:0,0,0)})/",
      "verbal": "/Function(function(d){var a=get_value(poc_def.states[d[2]])|get_value(poc_def.states[d[3]]);return\"ALU OR with result \"+show_value(a)+\". \"})/"
    },
    "NOT": {
      "nparameters": 3,
      "types": [
        "E",
        "E"
      ],
      "operation": "/Function(function(d){var a=~(get_value(poc_def.states[d[2]]));set_value(poc_def.states[d[1]],a);poc_update_nzvc((a<0)?1:0,(a==0)?1:0,0,0)})/",
      "verbal": "/Function(function(d){var a=~(get_value(poc_def.states[d[2]]));return\"ALU NOT with result \"+show_value(a)+\". \"})/"
    },
    "XOR": {
      "nparameters": 4,
      "types": [
        "E",
        "E",
        "E"
      ],
      "operation": "/Function(function(d){var a=get_value(poc_def.states[d[2]])^get_value(poc_def.states[d[3]]);set_value(poc_def.states[d[1]],a);poc_update_nzvc((a<0)?1:0,(a==0)?1:0,0,0)})/",
      "verbal": "/Function(function(d){var a=get_value(poc_def.states[d[2]])^get_value(poc_def.states[d[3]]);return\"ALU XOR with result \"+show_value(a)+\". \"})/"
    },
    "SRL": {
      "nparameters": 3,
      "types": [
        "E",
        "E"
      ],
      "operation": "/Function(function(d){var a=(get_value(poc_def.states[d[2]]))>>>1;set_value(poc_def.states[d[1]],a);poc_update_nzvc((a<0)?1:0,(a==0)?1:0,0,0)})/",
      "verbal": "/Function(function(d){var a=(get_value(poc_def.states[d[2]]))>>>1;return\"ALU Shift Right Logical with result \"+show_value(a)+\". \"})/"
    },
    "SRA": {
      "nparameters": 3,
      "types": [
        "E",
        "E"
      ],
      "operation": "/Function(function(d){var a=(get_value(poc_def.states[d[2]]))>>1;set_value(poc_def.states[d[1]],a);poc_update_nzvc((a<0)?1:0,(a==0)?1:0,0,0)})/",
      "verbal": "/Function(function(d){var a=(get_value(poc_def.states[d[2]]))>>1;return\"ALU Shift Right Arithmetic with result \"+show_value(a)+\". \"})/"
    },
    "SL": {
      "nparameters": 3,
      "types": [
        "E",
        "E"
      ],
      "operation": "/Function(function(d){var a=(get_value(poc_def.states[d[2]]))<<1;set_value(poc_def.states[d[1]],a);poc_update_nzvc((a<0)?1:0,(a==0)?1:0,0,(a)>>>31)})/",
      "verbal": "/Function(function(d){var a=(get_value(poc_def.states[d[2]]))<<1;return\"ALU Shift Left with result \"+show_value(a)+\". \"})/"
    },
    "RR": {
      "nparameters": 3,
      "types": [
        "E",
        "E"
      ],
      "operation": "/Function(function(d){var a=((get_value(poc_def.states[d[2]]))>>>1)|(((get_value(poc_def.states[d[2]]))&1)<<31);set_value(poc_def.states[d[1]],a);poc_update_nzvc((a<0)?1:0,(a==0)?1:0,0,0)})/",
      "verbal": "/Function(function(d){var a=((get_value(poc_def.states[d[2]]))>>>1)|(((get_value(poc_def.states[d[2]]))&1)<<31);return\"ALU Right Rotation with result \"+show_value(a)+\". \"})/"
    },
    "RL": {
      "nparameters": 3,
      "types": [
        "E",
        "E"
      ],
      "operation": "/Function(function(d){var a=((get_value(poc_def.states[d[2]]))<<1)|(((get_value(poc_def.states[d[2]]))&2147483648)>>>31);set_value(poc_def.states[d[1]],a);poc_update_nzvc((a<0)?1:0,(a==0)?1:0,0,0)})/",
      "verbal": "/Function(function(d){var a=((get_value(poc_def.states[d[2]]))<<1)|(((get_value(poc_def.states[d[2]]))&2147483648)>>>31);return\"ALU Left Rotation with result \"+show_value(a)+\". \"})/"
    },
    "ADD": {
      "nparameters": 4,
      "types": [
        "E",
        "E",
        "E"
      ],
      "operation": "/Function(function(m){var k=get_value(poc_def.states[m[2]])<<0;var f=get_value(poc_def.states[m[3]])<<0;var e=k+f;set_value(poc_def.states[m[1]],e>>>0);var h=(e<0)?1:0;var d=(e==0)?1:0;var g=(k>>>31)&&(f>>>31);var n=0;if((e<0)&&(k>=0)&&(f>=0)){n=1}if((e>=0)&&(k<0)&&(f<0)){n=1}poc_update_nzvc(h,d,n,g)})/",
      "verbal": "/Function(function(g){var f=get_value(poc_def.states[g[2]])<<0;var e=get_value(poc_def.states[g[3]])<<0;var d=f+e;return\"ALU ADD with result \"+show_value(d)+\". \"})/"
    },
    "SUB": {
      "nparameters": 4,
      "types": [
        "E",
        "E",
        "E"
      ],
      "operation": "/Function(function(m){var k=get_value(poc_def.states[m[2]])<<0;var f=get_value(poc_def.states[m[3]])<<0;var e=k-f;set_value(poc_def.states[m[1]],e>>>0);var h=(e<0)?1:0;var d=(e==0)?1:0;var g=(k>>>31)&&(f>>>31);var n=0;if((e<0)&&(k>=0)&&(f>=0)){n=1}if((e>=0)&&(k<0)&&(f<0)){n=1}poc_update_nzvc(h,d,n,g)})/",
      "verbal": "/Function(function(g){var f=get_value(poc_def.states[g[2]])<<0;var e=get_value(poc_def.states[g[3]])<<0;var d=f-e;return\"ALU SUB with result \"+show_value(d)+\". \"})/"
    },
    "MUL": {
      "nparameters": 4,
      "types": [
        "E",
        "E",
        "E"
      ],
      "operation": "/Function(function(m){var k=get_value(poc_def.states[m[2]])<<0;var f=get_value(poc_def.states[m[3]])<<0;var e=k*f;set_value(poc_def.states[m[1]],e>>>0);var h=(e<0)?1:0;var d=(e==0)?1:0;var g=0;var n=0;if((e<0)&&(k>=0)&&(f>=0)){n=1}if((e>=0)&&(k<0)&&(f<0)){n=1}poc_update_nzvc(h,d,n,g)})/",
      "verbal": "/Function(function(g){var f=get_value(poc_def.states[g[2]])<<0;var e=get_value(poc_def.states[g[3]])<<0;var d=f*e;return\"ALU MUL with result \"+show_value(d)+\". \"})/"
    },
    "DIV": {
      "nparameters": 4,
      "types": [
        "E",
        "E",
        "E"
      ],
      "operation": "/Function(function(g){var f=(get_value(poc_def.states[g[2]])<<0);var e=(get_value(poc_def.states[g[3]])<<0);if(0==e){set_value(poc_def.states[g[1]],0);poc_update_nzvc(0,1,1,0);return}var d=Math.floor(f/e);set_value(poc_def.states[g[1]],d);poc_update_nzvc((d<0)?1:0,(d==0)?1:0,0,0)})/",
      "verbal": "/Function(function(g){var f=get_value(poc_def.states[g[2]])<<0;var e=get_value(poc_def.states[g[3]])<<0;if(0==e){return\"ALU DIV zero by zero (oops!). \"}var d=Math.floor(f/e);return\"ALU DIV with result \"+show_value(d)+\". \"})/"
    },
    "MOD": {
      "nparameters": 4,
      "types": [
        "E",
        "E",
        "E"
      ],
      "operation": "/Function(function(d){var a=(get_value(poc_def.states[d[2]])<<0)%(get_value(poc_def.states[d[3]])<<0);set_value(poc_def.states[d[1]],a);poc_update_nzvc((a<0)?1:0,(a==0)?1:0,0,0)})/",
      "verbal": "/Function(function(g){var f=get_value(poc_def.states[g[2]])<<0;var e=get_value(poc_def.states[g[3]])<<0;var d=f%e;return\"ALU MOD with result \"+show_value(d)+\". \"})/"
    },
    "LUI": {
      "nparameters": 3,
      "types": [
        "E",
        "E"
      ],
      "operation": "/Function(function(d){var a=(get_value(poc_def.states[d[2]]))<<16;set_value(poc_def.states[d[1]],a);poc_update_nzvc((a<0)?1:0,(a==0)?1:0,0,0)})/",
      "verbal": "/Function(function(d){var a=(get_value(poc_def.states[d[2]]))<<16;return\"ALU Load Upper Immediate with result \"+show_value(a)+\". \"})/"
    },
    "ADDFOUR": {
      "nparameters": 3,
      "types": [
        "E",
        "E"
      ],
      "operation": "/Function(function(k){var h=get_value(poc_def.states[k[2]])<<0;var e=h+4;set_value(poc_def.states[k[1]],e>>>0);var g=(e<0)?1:0;var d=(e==0)?1:0;var f=(h>>>31)&&(b>>>31);var m=0;if((e<0)&&(h>=0)&&(b>=0)){m=1}if((e>=0)&&(h<0)&&(b<0)){m=1}poc_update_nzvc(g,d,m,f)})/",
      "verbal": "/Function(function(f){var e=get_value(poc_def.states[f[2]])<<0;var d=e+4;return\"ALU ADD 4 with result \"+show_value(d)+\". \"})/"
    },
    "ADDONE": {
      "nparameters": 3,
      "types": [
        "E",
        "E"
      ],
      "operation": "/Function(function(k){var h=get_value(poc_def.states[k[2]])<<0;var e=h+1;set_value(poc_def.states[k[1]],e>>>0);var g=(e<0)?1:0;var d=(e==0)?1:0;var f=(h>>>31)&&(b>>>31);var m=0;if((e<0)&&(h>=0)&&(b>=0)){m=1}if((e>=0)&&(h<0)&&(b<0)){m=1}poc_update_nzvc(g,d,m,f)})/",
      "verbal": "/Function(function(f){var e=get_value(poc_def.states[f[2]])<<0;var d=e+1;return\"ALU ADD 1 with result \"+show_value(d)+\". \"})/"
    },
    "FADD": {
      "nparameters": 4,
      "types": [
        "E",
        "E",
        "E"
      ],
      "operation": "/Function(function(m){var k=get_value(poc_def.states[m[2]])<<0;var f=get_value(poc_def.states[m[3]])<<0;var e=k.toFixed(2)+f.toFixed(2);set_value(poc_def.states[m[1]],e>>>0);var h=(e<0)?1:0;var d=(e==0)?1:0;var g=0;var n=0;if((e<0)&&(k>=0)&&(f>=0)){n=1}if((e>=0)&&(k<0)&&(f<0)){n=1}poc_update_nzvc(h,d,n,g)})/",
      "verbal": "/Function(function(g){var f=get_value(poc_def.states[g[2]])<<0;var e=get_value(poc_def.states[g[3]])<<0;var d=f.toFixed(2)+e.toFixed(2);return\"ALU Float ADD with result \"+d+\". \"})/"
    },
    "FSUB": {
      "nparameters": 4,
      "types": [
        "E",
        "E",
        "E"
      ],
      "operation": "/Function(function(m){var k=get_value(poc_def.states[m[2]])<<0;var f=get_value(poc_def.states[m[3]])<<0;var e=k.toFixed(2)-f.toFixed(2);set_value(poc_def.states[m[1]],e>>>0);var h=(e<0)?1:0;var d=(e==0)?1:0;var g=0;var n=0;if((e<0)&&(k>=0)&&(f>=0)){n=1}if((e>=0)&&(k<0)&&(f<0)){n=1}poc_update_nzvc(h,d,n,g)})/",
      "verbal": "/Function(function(g){var f=get_value(poc_def.states[g[2]])<<0;var e=get_value(poc_def.states[g[3]])<<0;var d=f.toFixed(2)-e.toFixed(2);return\"ALU Float SUB with result \"+d+\". \"})/"
    },
    "FMUL": {
      "nparameters": 4,
      "types": [
        "E",
        "E",
        "E"
      ],
      "operation": "/Function(function(m){var k=get_value(poc_def.states[m[2]])<<0;var f=get_value(poc_def.states[m[3]])<<0;var e=k.toFixed(2)*f.toFixed(2);set_value(poc_def.states[m[1]],e>>>0);var h=(e<0)?1:0;var d=(e==0)?1:0;var g=0;var n=0;if((e<0)&&(k>=0)&&(f>=0)){n=1}if((e>=0)&&(k<0)&&(f<0)){n=1}poc_update_nzvc(h,d,n,g)})/",
      "verbal": "/Function(function(g){var f=get_value(poc_def.states[g[2]])<<0;var e=get_value(poc_def.states[g[3]])<<0;var d=f.toFixed(2)*e.toFixed(2);return\"ALU Float MUL with result \"+d+\". \"})/"
    },
    "FDIV": {
      "nparameters": 4,
      "types": [
        "E",
        "E",
        "E"
      ],
      "operation": "/Function(function(g){var f=(get_value(poc_def.states[g[2]])<<0);var e=(get_value(poc_def.states[g[3]])<<0);if(0==e){set_value(poc_def.states[g[1]],0);poc_update_nzvc(0,1,1,0);return}var d=Math.floor(f/e);set_value(poc_def.states[g[1]],d);poc_update_nzvc((d<0)?1:0,(d==0)?1:0,0,0)})/",
      "verbal": "/Function(function(g){var f=get_value(poc_def.states[g[2]])<<0;var e=get_value(poc_def.states[g[3]])<<0;var d=f.toFixed(2)/e.toFixed(2);return\"ALU Float DIV with result \"+d+\". \"})/"
    },
    "FMOD": {
      "nparameters": 4,
      "types": [
        "E",
        "E",
        "E"
      ],
      "operation": "/Function(function(d){var a=(get_value(poc_def.states[d[2]])<<0)%(get_value(poc_def.states[d[3]])<<0);set_value(poc_def.states[d[1]],a);poc_update_nzvc((a<0)?1:0,(a==0)?1:0,0,0)})/",
      "verbal": "/Function(function(g){var f=get_value(poc_def.states[g[2]])<<0;var e=get_value(poc_def.states[g[3]])<<0;var d=f.toFixed(2)%e.toFixed(2);return\"ALU Float MOD with result \"+d+\". \"})/"
    },
    "PLUS1": {
      "nparameters": 3,
      "types": [
        "E",
        "E"
      ],
      "operation": "/Function(function(f){var e=get_value(poc_def.states[f[2]])<<0;var d=e+1;set_value(poc_def.states[f[1]],d>>>0)})/",
      "verbal": "/Function(function(f){var e=get_value(poc_def.states[f[2]])<<0;var d=e+1;return\"Add one to \"+show_verbal(f[2])+\" and copy to \"+show_verbal(f[1])+\" with result \"+show_value(d)+\". \"})/"
    },
    "PLUS4": {
      "nparameters": 3,
      "types": [
        "E",
        "E"
      ],
      "operation": "/Function(function(f){var e=get_value(poc_def.states[f[2]])<<0;var d=e+4;set_value(poc_def.states[f[1]],d>>>0)})/",
      "verbal": "/Function(function(f){var e=get_value(poc_def.states[f[2]])<<0;var d=e+4;return\"Add four to \"+show_verbal(f[2])+\" and copy to \"+show_verbal(f[1])+\" with result \"+show_value(d)+\". \"})/"
    },
    "MBIT": {
      "nparameters": 5,
      "types": [
        "X",
        "X",
        "I",
        "I"
      ],
      "operation": "/Function(function(a){var h=get_reference(a[1]);var g=get_reference(a[2]);var k=parseInt(a[3]);var e=parseInt(a[4]);var f=get_value(g).toString(2);var d=\"00000000000000000000000000000000\".substring(0,32-f.length)+f;d=d.substr(31-(k+e-1),e);set_value(h,parseInt(d,2))})/",
      "verbal": "/Function(function(d){var k=get_reference(d[1]);var h=get_reference(d[2]);var m=parseInt(d[3]);var f=parseInt(d[4]);var g=get_value(h).toString(2);var e=\"00000000000000000000000000000000\".substring(0,32-g.length)+g;e=e.substr(31-(m+f-1),f);var a=parseInt(e,2);return\"Copy from \"+show_verbal(d[2])+\" to \"+show_verbal(d[1])+\" value \"+show_value(a)+\" (copied \"+f+\" bits from bit \"+m+\"). \"})/"
    },
    "MBIT_SN": {
      "nparameters": 5,
      "types": [
        "S",
        "E",
        "E",
        "I"
      ],
      "operation": "/Function(function(d){var h=0;var g=d[3].split(\"/\");if(1==g.length){h=get_value(poc_def.states[d[3]])}else{if(typeof poc_def.states[g[0]].value[g[1]]!=\"undefined\"){h=poc_def.states[g[0]].value[g[1]]}else{if(typeof poc_def.signals[g[1]].default_value!=\"undefined\"){h=poc_def.signals[g[1]].default_value}else{if(typeof poc_def.states[g[1]].default_value!=\"undefined\"){h=poc_def.states[g[1]].default_value}else{alert(\"WARN: undefined state/field pair -> \"+g[0]+\"/\"+g[1])}}}}var k=parseInt(d[4]);var f=get_value(poc_def.states[d[2]]).toString(2);var e=\"00000000000000000000000000000000\".substring(0,32-f.length)+f;var a=e.substr(31-(h+k-1),k);set_value(poc_def.signals[d[1]],parseInt(a,2))})/",
      "verbal": "/Function(function(a){return\"\"})/"
    },
    "SBIT": {
      "nparameters": 4,
      "types": [
        "X",
        "X",
        "I"
      ],
      "operation": "/Function(function(a){sim_elto_org=get_reference(a[2]);sim_elto_dst=get_reference(a[1]);var d=(sim_elto_dst.value&~(1<<a[3]))|(sim_elto_org.value<<a[3]);set_value(sim_elto_dst,(d>>>0))})/",
      "verbal": "/Function(function(a){sim_elto_org=get_reference(a[2]);sim_elto_dst=get_reference(a[1]);return\"Set bit \"+show_verbal(a[3])+\" of \"+show_verbal(a[1])+\" to value \"+sim_elto_org.value+\". \"})/"
    },
    "MBITS": {
      "nparameters": 8,
      "types": [
        "E",
        "I",
        "E",
        "S",
        "S",
        "I",
        "S"
      ],
      "operation": "/Function(function(d){var h=parseInt(poc_def.signals[d[4]].value);var f=parseInt(poc_def.signals[d[5]].value);var g=get_value(poc_def.states[d[3]]).toString(2);var e=(\"00000000000000000000000000000000\".substring(0,32-g.length)+g);e=e.substr(31-(h+f-1),f);var a=\"00000000000000000000000000000000\".substring(0,32-e.length)+e;if((\"1\"==poc_def.signals[d[7]].value)&&(\"1\"==e.substr(0,1))){a=\"11111111111111111111111111111111\".substring(0,32-e.length)+e}set_value(poc_def.states[d[1]],parseInt(a,2))})/",
      "verbal": "/Function(function(d){var h=parseInt(poc_def.signals[d[4]].value);var f=parseInt(poc_def.signals[d[5]].value);var g=get_value(poc_def.states[d[3]]).toString(2);var e=(\"00000000000000000000000000000000\".substring(0,32-g.length)+g);e=e.substr(31-(h+f-1),f);var a=\"00000000000000000000000000000000\".substring(0,32-e.length)+e;if((\"1\"==poc_def.signals[d[7]].value)&&(\"1\"==e.substr(0,1))){a=\"11111111111111111111111111111111\".substring(0,32-e.length)+e}g=parseInt(a,2);return\"Copy from \"+show_verbal(d[3])+\" to \"+show_verbal(d[1])+\" value \"+show_value(g)+\" (copied \"+f+\" bits from bit \"+h+\"). \"})/"
    },
    "BSEL": {
      "nparameters": 6,
      "types": [
        "E",
        "I",
        "I",
        "E",
        "I"
      ],
      "operation": "/Function(function(f){var m=parseInt(f[2]);var k=parseInt(f[5]);var a=parseInt(f[3]);var h=get_value(poc_def.states[f[4]]).toString(2);var g=\"00000000000000000000000000000000\".substring(0,32-h.length)+h;g=g.substr(31-(k+a)+1,a);var e=\"00000000000000000000000000000000\".substring(0,32-g.length)+g;var d=\"00000000000000000000000000000000\".substr(0,m);e=e+d;set_value(poc_def.states[f[1]],parseInt(e,2))})/",
      "verbal": "/Function(function(n){var g=parseInt(n[2]);var k=parseInt(n[3]);var a=parseInt(n[5]);var m=get_value(poc_def.states[n[4]]).toString(2);var h=\"00000000000000000000000000000000\".substring(0,32-m.length)+m;h=h.substr(31-(a+k)+1,k);var f=\"00000000000000000000000000000000\".substring(0,32-h.length)+h;var e=\"00000000000000000000000000000000\".substr(0,g);f=f+e;var d=parseInt(f,2);return\"Copy from \"+show_verbal(n[4])+\" to \"+show_verbal(n[1])+\" value \"+show_value(d)+\" (copied \"+k+\" bits, from bit \"+a+\" of \"+n[4]+\" to bit \"+g+\" of \"+n[1]+\"). \"})/"
    },
    "EXT_SIG": {
      "nparameters": 3,
      "types": [
        "E",
        "I"
      ],
      "operation": "/Function(function(e){var g=get_value(poc_def.states[e[1]]).toString(2);var f=(\"00000000000000000000000000000000\".substring(0,32-g.length)+g);var d=f.substr(31-e[2],31);var a=d;if(\"1\"==f[31-e[2]]){a=\"11111111111111111111111111111111\".substring(0,32-d.length)+a}set_value(poc_def.states[e[1]],parseInt(a,2))})/",
      "verbal": "/Function(function(f){var h=get_value(poc_def.states[f[1]]).toString(2);var g=(\"00000000000000000000000000000000\".substring(0,32-h.length)+h);var e=g.substr(31-f[2],31);var d=e;if(\"1\"==g[31-f[2]]){d=\"11111111111111111111111111111111\".substring(0,32-e.length)+d}var a=parseInt(d,2);return\"Sign Extension with value \"+show_value(a)+\". \"})/"
    },
    "MOVE_BITS": {
      "nparameters": 5,
      "types": [
        "S",
        "I",
        "I",
        "S"
      ],
      "operation": "/Function(function(k){var e=parseInt(k[2]);var a=0;var g=parseInt(k[3]);var h=poc_def.signals[k[4]].value.toString(2);h=(\"00000000000000000000000000000000\".substring(0,32-h.length)+h);h=h.substr(31-a-g+1,g);var f=poc_def.signals[k[1]].value.toString(2);f=(\"00000000000000000000000000000000\".substring(0,32-f.length)+f);var n=f.substr(0,32-(e+g));var m=f.substr(31-e+1,e);var d=n+h+m;set_value(poc_def.signals[k[1]],parseInt(d,2))})/",
      "verbal": "/Function(function(a){return\"\"})/"
    },
    "MOVE_BITSE": {
      "nparameters": 6,
      "types": [
        "S",
        "I",
        "I",
        "E",
        "I"
      ],
      "operation": "/Function(function(k){var e=parseInt(k[2]);var a=parseInt(k[5]);var g=parseInt(k[3]);var h=get_value(poc_def.states[k[4]]).toString(2);h=(\"00000000000000000000000000000000\".substring(0,32-h.length)+h);h=h.substr(31-a-g+1,g);var f=poc_def.signals[k[1]].value.toString(2);f=(\"00000000000000000000000000000000\".substring(0,32-f.length)+f);var n=f.substr(0,32-(e+g));var m=f.substr(31-e+1,e);var d=n+h+m;set_value(poc_def.signals[k[1]],parseInt(d,2))})/",
      "verbal": "/Function(function(a){return\"\"})/"
    },
    "DECO": {
      "nparameters": 1,
      "operation": "/Function(function(d){poc_def.states.INEX.value=0;var g=decode_instruction(poc_def.internal_states.FIRMWARE,poc_def.ctrl_states.ir,get_value(poc_def.states.REG_IR));if(null==g.oinstruction){alert(\"ERROR: undefined instruction code in firmware (co:\"+g.op_code.toString(2)+\", cop:\"+g.cop_code.toString(2)+\")\");poc_def.states.ROM_MUXA.value=0;poc_def.states.INEX.value=1;return -1}var f=g.op_code<<6;if(typeof g.oinstruction.cop!=\"undefined\"){f=f+g.cop_code}if(typeof poc_def.internal_states.ROM[f]==\"undefined\"){alert(\"ERROR: undefined rom address \"+f+\" in firmware\");poc_def.states.ROM_MUXA.value=0;return -1}poc_def.states.ROM_MUXA.value=poc_def.internal_states.ROM[f];var h=get_value(poc_def.states.DECO_INS);set_value(poc_def.states.DECO_INS,h+1);var a=get_value(poc_def.states.REG_PC)-4;var e=get_deco_from_pc(a);set_value(poc_def.states.REG_IR_DECO,e);show_dbg_ir(get_value(poc_def.states.REG_IR_DECO))})/",
      "verbal": "/Function(function(a){return\"Decode instruction. \"})/"
    },
    "FIRE": {
      "nparameters": 2,
      "types": [
        "S"
      ],
      "operation": "/Function(function(a){if(poc_def.internal_states.fire_stack.indexOf(a[1])!=-1){return}poc_def.internal_states.fire_stack.push(a[1]);update_draw(poc_def.signals[a[1]],poc_def.signals[a[1]].value);if(\"L\"==poc_def.signals[a[1]].type){update_state(a[1])}poc_def.internal_states.fire_stack.pop(a[1]);check_buses(a[1])})/",
      "verbal": "/Function(function(a){return\"\"})/"
    },
    "FIRE_IFSET": {
      "nparameters": 3,
      "types": [
        "S",
        "I"
      ],
      "operation": "/Function(function(a){if(get_value(poc_def.signals[a[1]])!=parseInt(a[2])){return}poc_def.behaviors.FIRE.operation(a)})/",
      "verbal": "/Function(function(a){return\"\"})/"
    },
    "FIRE_IFCHANGED": {
      "nparameters": 3,
      "types": [
        "S",
        "X"
      ],
      "operation": "/Function(function(a){sim_elto=get_reference(a[2]);if(sim_elto.changed==false){return}poc_def.behaviors.FIRE.operation(a)})/",
      "verbal": "/Function(function(a){return\"\"})/"
    },
    "RESET_CHANGED": {
      "nparameters": 2,
      "types": [
        "X"
      ],
      "operation": "/Function(function(a){sim_elto=get_reference(a[1]);sim_elto.changed=false})/",
      "verbal": "/Function(function(a){return\"\"})/"
    },
    "CLOCK": {
      "nparameters": 1,
      "operation": "/Function(function(s_expr){var val=get_value(poc_def.states.CLK);set_value(poc_def.states.CLK,val+1);for(var i=0;i<jit_fire_order.length;i++){fn_updateE_now(jit_fire_order[i])}var new_maddr=get_value(poc_def.states.MUXA_MICROADDR);set_value(poc_def.states.REG_MICROADDR,new_maddr);if(typeof poc_def.internal_states.MC[new_maddr]!=\"undefined\"){var new_mins=Object.create(poc_def.internal_states.MC[new_maddr])}else{var new_mins=Object.create(poc_def.states.REG_MICROINS.default_value)}poc_def.states.REG_MICROINS.value=new_mins;for(var key in poc_def.signals){if(typeof new_mins[key]!=\"undefined\"){set_value(poc_def.signals[key],new_mins[key])}else{set_value(poc_def.signals[key],poc_def.signals[key].default_value)}}for(var i=0;i<jit_fire_order.length;i++){fn_updateL_now(jit_fire_order[i])}if(typeof new_mins.NATIVE_JIT!=\"undefined\"){new_mins.NATIVE_JIT()}else{if(typeof new_mins.NATIVE!=\"undefined\"){eval(new_mins.NATIVE)}}})/",
      "verbal": "/Function(function(a){return\"\"})/"
    },
    "RESET": {
      "nparameters": 1,
      "operation": "/Function(function(a){for(var d in poc_def.states){reset_value(poc_def.states[d])}for(var d in poc_def.signals){reset_value(poc_def.signals[d])}})/",
      "verbal": "/Function(function(a){return\"Reset CPU. \"})/"
    },
    "UPDATEDPC": {
      "nparameters": 1,
      "operation": "/Function(function(a){show_asmdbg_pc()})/",
      "verbal": "/Function(function(a){return\"\"})/"
    },
    "UPDATE_NZVC": {
      "nparameters": 1,
      "operation": "/Function(function(a){set_value(simhw_sim_state(\"FLAG_N\"),poc_def.internal_states.alu_flags.flag_n);set_value(simhw_sim_state(\"FLAG_Z\"),poc_def.internal_states.alu_flags.flag_z);set_value(simhw_sim_state(\"FLAG_V\"),poc_def.internal_states.alu_flags.flag_v);set_value(simhw_sim_state(\"FLAG_C\"),poc_def.internal_states.alu_flags.flag_c);set_value(simhw_sim_signal(\"TEST_N\"),poc_def.internal_states.alu_flags.flag_n);set_value(simhw_sim_signal(\"TEST_Z\"),poc_def.internal_states.alu_flags.flag_z);set_value(simhw_sim_signal(\"TEST_V\"),poc_def.internal_states.alu_flags.flag_v);set_value(simhw_sim_signal(\"TEST_C\"),poc_def.internal_states.alu_flags.flag_c);update_draw(poc_def.signals.TEST_N,poc_def.signals.TEST_N.value);update_draw(poc_def.signals.TEST_Z,poc_def.signals.TEST_Z.value);update_draw(poc_def.signals.TEST_V,poc_def.signals.TEST_V.value);update_draw(poc_def.signals.TEST_C,poc_def.signals.TEST_C.value)})/",
      "verbal": "/Function(function(a){return\"Update flags N-Z-V-C.\"})/"
    },
    "MEM_READ": {
      "nparameters": 6,
      "types": [
        "E",
        "E",
        "S",
        "E"
      ],
      "operation": "/Function(function(d){var a=poc_def.states[d[1]].value;var e=poc_def.states[d[2]].value;var g=get_value(poc_def.states[d[4]]);poc_def.signals[d[3]].value=0;var h=get_var(poc_def.internal_states.MP_wc);if((typeof poc_def.events.mem[g-1]!=\"undefined\")&&(poc_def.events.mem[g-1]>0)){h=poc_def.events.mem[g-1]-1}poc_def.events.mem[g]=h;if(h>0){return}var f=0;a=a&4294967292;if(typeof poc_def.internal_states.MP[a]!=\"undefined\"){f=poc_def.internal_states.MP[a]}e=f;poc_def.states[d[2]].value=(e>>>0);poc_def.signals[d[3]].value=1;show_main_memory(poc_def.internal_states.MP,a,false,false)})/",
      "verbal": "/Function(function(d){var f=\"\";var a=poc_def.states[d[1]].value;var e=poc_def.states[d[2]].value;var h=get_value(poc_def.states[d[4]]);var g=0;if(typeof poc_def.internal_states.MP[a]!=\"undefined\"){g=poc_def.internal_states.MP[a]}f=\"Try to read a word from memory at address 0x\"+a.toString(16)+\" with value \"+g.toString(16)+\". \";return f})/"
    },
    "MEM_WRITE": {
      "nparameters": 6,
      "types": [
        "E",
        "E",
        "S",
        "E"
      ],
      "operation": "/Function(function(d){var a=poc_def.states[d[1]].value;var e=poc_def.states[d[2]].value;var g=get_value(poc_def.states[d[4]]);poc_def.signals[d[3]].value=0;var h=get_var(poc_def.internal_states.MP_wc);if((typeof poc_def.events.mem[g-1]!=\"undefined\")&&(poc_def.events.mem[g-1]>0)){h=poc_def.events.mem[g-1]-1}poc_def.events.mem[g]=h;if(h>0){return}var f=0;a=a&4294967292;if(typeof poc_def.internal_states.MP[a]!=\"undefined\"){f=poc_def.internal_states.MP[a]}f=e;poc_def.internal_states.MP[a]=(f>>>0);poc_def.signals[d[3]].value=1;show_main_memory(poc_def.internal_states.MP,a,false,true)})/",
      "verbal": "/Function(function(d){var f=\"\";var a=poc_def.states[d[1]].value;var e=poc_def.states[d[2]].value;var h=get_value(poc_def.states[d[4]]);var g=0;if(typeof poc_def.internal_states.MP[a]!=\"undefined\"){g=poc_def.internal_states.MP[a]}f=\"Try to write a word to memory at address 0x\"+a.toString(16)+\" with value \"+g.toString(16)+\". \";return f})/"
    },
    "MEM_RESET": {
      "nparameters": 1,
      "operation": "/Function(function(a){poc_def.events.mem={}})/",
      "verbal": "/Function(function(a){return\"Reset the memory (all values will be zeroes). \"})/"
    },
    "KBD_IOR": {
      "nparameters": 6,
      "types": [
        "E",
        "E",
        "E",
        "E",
        "E"
      ],
      "operation": "/Function(function(e){var g=get_value(poc_def.states[e[1]]);var f=get_value(poc_def.states[e[5]]);if((g!=KBDR_ID)&&(g!=KBSR_ID)){return}if(typeof poc_def.events.keybd[f]!=\"undefined\"){if(g==KBDR_ID){set_value(poc_def.states[e[2]],poc_def.events.keybd[f])}if(g==KBSR_ID){set_value(poc_def.states[e[2]],1)}return}if(get_value(poc_def.states[e[4]])==0){var d=get_keyboard_content();if(d.length!=0){var a=d.substr(1,d.length-1);set_keyboard_content(a);set_value(poc_def.states[e[4]],1);set_value(poc_def.states[e[3]],d[0].charCodeAt(0))}}if(get_value(poc_def.states[e[4]])==1){poc_def.events.keybd[f]=get_value(poc_def.states[e[3]])}if(g==KBSR_ID){set_value(poc_def.states[e[2]],get_value(poc_def.states[e[4]]))}if(g==KBDR_ID){if(get_value(poc_def.states[e[4]])==1){set_value(poc_def.states[e[2]],get_value(poc_def.states[e[3]]))}set_value(poc_def.states[e[4]],0)}})/",
      "verbal": "/Function(function(a){var d=\"\";var f=get_value(poc_def.states[a[1]]);var e=get_value(poc_def.states[a[5]]);if(f==KBDR_ID){d=\"Read the screen data: \"+poc_def.states[a[2]]+\". \"}if(f==KBSR_ID){d=\"Read the screen state: \"+poc_def.states[a[2]]+\". \"}return d})/"
    },
    "KBD_RESET": {
      "nparameters": 1,
      "operation": "/Function(function(a){poc_def.events.keybd={}})/",
      "verbal": "/Function(function(a){return\"Reset the keyboard content. \"})/"
    },
    "SCR_IOR": {
      "nparameters": 6,
      "types": [
        "E",
        "E",
        "E",
        "E",
        "E"
      ],
      "operation": "/Function(function(d){var f=get_value(poc_def.states[d[1]]);var e=get_value(poc_def.states[d[3]]);var a=get_value(poc_def.states[d[4]]);if(f==DDR_ID){set_value(poc_def.states[d[2]],e)}if(f==DSR_ID){set_value(poc_def.states[d[2]],a)}})/",
      "verbal": "/Function(function(d){var f=\"\";var g=get_value(poc_def.states[d[1]]);var e=get_value(poc_def.states[d[3]]);var a=get_value(poc_def.states[d[4]]);if(g==DDR_ID){f=\"Try to read from the screen the DDR value \"+e+\". \"}if(g==DDR_ID){f=\"Try to read into the screen the DSR value \"+a+\". \"}return f})/"
    },
    "SCR_IOW": {
      "nparameters": 6,
      "types": [
        "E",
        "E",
        "E",
        "E",
        "E"
      ],
      "operation": "/Function(function(e){var m=get_value(poc_def.states[e[1]]);var g=get_value(poc_def.states[e[2]]);var k=get_value(poc_def.states[e[5]]);var h=String.fromCharCode(g);if(m!=DDR_ID){return}if(h==String.fromCharCode(7)){timbre.reset();var f=T(\"sin\",{freq:440,mul:0.5});var d=T(\"sin\",{freq:660,mul:0.5});T(\"perc\",{r:500},f,d).on(\"ended\",function(){this.pause()}).bang().play()}else{var a=get_screen_content();if(typeof poc_def.events.screen[k]!=\"undefined\"){a=a.substr(0,a.length-1)}set_screen_content(a+String.fromCharCode(g))}set_value(poc_def.states[e[3]],g);set_value(poc_def.states[e[4]],1);poc_def.events.screen[k]=g})/",
      "verbal": "/Function(function(a){var f=\"\";var h=get_value(poc_def.states[a[1]]);var d=get_value(poc_def.states[a[2]]);var g=get_value(poc_def.states[a[5]]);var e=String.fromCharCode(d);if(h==DDR_ID){f=\"Try to write into the screen the code \"+e+\" at clock cycle \"+g+\". \"}return f})/"
    },
    "SCR_RESET": {
      "nparameters": 1,
      "operation": "/Function(function(a){poc_def.events.screen={}})/",
      "verbal": "/Function(function(a){return\"Reset the screen content. \"})/"
    }
  },
  "events": {},
  "internal_states": {
    "MC": {},
    "MC_dashboard": {},
    "ROM": {},
    "FIRMWARE": {},
    "io_hash": {
      "256": "KBDR",
      "260": "KBSR",
      "4096": "DDR",
      "4100": "DSR"
    },
    "fire_stack": [],
    "tri_state_names": [
      "T1",
      "T2",
      "T3",
      "T6",
      "T8",
      "T9",
      "T10",
      "T11"
    ],
    "fire_visible": {
      "databus": false,
      "internalbus": false
    },
    "filter_states": [
      "REG_IR_DECO,col-12",
      "REG_IR,col-auto",
      "REG_PC,col-auto",
      "REG_SR,col-auto",
      "REG_RT1,col-auto",
      "REG_MAR,col-auto",
      "REG_MBR,col-auto",
      "REG_MICROADDR,col-auto"
    ],
    "filter_signals": [
      "A0,0",
      "B,0",
      "C,0",
      "SELA,5",
      "SELB,5",
      "SELC,2",
      "SELCOP,0",
      "MR,0",
      "MC,0",
      "C0,0",
      "C1,0",
      "C2,0",
      "C3,0",
      "C4,0",
      "C7,0",
      "T1,0",
      "T2,0",
      "T3,0",
      "T6,0",
      "T8,0",
      "T9,0",
      "T10,0",
      "T11,0",
      "M1,0",
      "M7,0",
      "MA,0",
      "MB,0",
      "LC,0",
      "SE,0",
      "SIZE,0",
      "OFFSET,0",
      "BW,0",
      "R,0",
      "W,0",
      "TA,0",
      "TD,0",
      "IOR,0",
      "IOW,0",
      "TEST_I,0",
      "TEST_U,0"
    ],
    "alu_flags": {
      "flag_n": 0,
      "flag_z": 0,
      "flag_v": 0,
      "flag_c": 0
    },
    "segments": {},
    "MP": {},
    "MP_wc": 0
  },
  "ctrl_states": {
    "pc": {
      "name": "PC",
      "state": "REG_PC"
    },
    "sp": {
      "name": "SP",
      "state": "BR.29"
    },
    "ir": {
      "name": "IR",
      "state": "REG_IR",
      "default_eltos": {
        "co": {
          "begin": 0,
          "end": 5,
          "length": 6
        },
        "cop": {
          "begin": 27,
          "end": 31,
          "length": 5
        }
      }
    }
  }
}
